keyword,rank,domain,strength,weak_reasons,url,title,opportunity,n_strong,n_weak,has_ai
short temper,3,trippleforth.medium.com,mid,platform-thin,https://trippleforth.medium.com/flames-of-frustration-living-life-with-short-temper-c0b9c8810b06,Flames of Frustration: Living life with Short Temper - Medium,HIGH — weak/dead SERP opportunity,2,6,True
short temper,4,dictionary.cambridge.org,mid,dictionary,https://dictionary.cambridge.org/dictionary/english/short-tempered,SHORT-TEMPERED | English meaning - Cambridge Dictionary,HIGH — weak/dead SERP opportunity,2,6,True
short temper,6,www.verywellmind.com,strong,,https://www.verywellmind.com/how-to-manage-a-short-temper-5186900,What to Do If You Have a Short Temper,HIGH — weak/dead SERP opportunity,2,6,True
short temper,7,www.facebook.com,mid,social,https://www.facebook.com/angiesoundmind/posts/what-is-the-difference-between-hot-temper-and-short-temperangienationudo/2776496389123730/,What is the difference between hot temper and short ...,HIGH — weak/dead SERP opportunity,2,6,True
short temper,8,www.merriam-webster.com,mid,dictionary,https://www.merriam-webster.com/dictionary/short%20temper,SHORT TEMPER Definition & Meaning,HIGH — weak/dead SERP opportunity,2,6,True
short temper,9,www.quora.com,mid,UGC/forum,https://www.quora.com/I-have-a-short-temper-and-it-makes-me-unkind-to-the-people-close-to-me-Ive-tried-to-correct-my-behavior-but-to-no-avail-How-can-I-better-myself,I have a short temper and it makes me unkind to the people ...,HIGH — weak/dead SERP opportunity,2,6,True
short temper,10,www.reddit.com,strong,UGC/forum,https://www.reddit.com/r/AskWomen/comments/wctmhw/what_are_your_views_on_short_temper_people/,What are your views on short temper people ? : r/AskWomen,HIGH — weak/dead SERP opportunity,2,6,True
short temper,11,www.youtube.com,mid,social,https://www.youtube.com/watch?v=EmkDzCs-nTs,A Short Temper - Short-Tempered - Idioms - ESL British ...,HIGH — weak/dead SERP opportunity,2,6,True
high achiever emptiness,2,www.fullvolumepartners.com,mid,,https://www.fullvolumepartners.com/high-achiever-emptiness/,High Achiever Emptiness: Why Success Feels Hollow?,HIGH — weak/dead SERP opportunity,1,3,True
high achiever emptiness,4,www.psychologytoday.com,strong,,https://www.psychologytoday.com/za/blog/the-architecture-of-identity/202604/why-high-achievers-can-feel-lost-after-success,Why High Achievers Can Feel Lost After Success,HIGH — weak/dead SERP opportunity,1,3,True
high achiever emptiness,5,www.quora.com,mid,UGC/forum,https://www.quora.com/Why-do-so-many-high-achievers-still-feel-empty-after-success,Why do so many high achievers still feel empty after ...,HIGH — weak/dead SERP opportunity,1,3,True
high achiever emptiness,7,medium.com,mid,platform-thin,https://medium.com/@becca.grabinski/the-hidden-struggle-of-high-achievers-feeling-empty-despite-success-and-how-to-fix-it-38612637d3f7,The Hidden Struggle of High Achievers: Feeling Empty ...,HIGH — weak/dead SERP opportunity,1,3,True
high achiever emptiness,8,www.mayfairtherapy.clinic,mid,,https://www.mayfairtherapy.clinic/journal/why-successful-people-feel-empty,Why Successful People Feel Empty: Deeper Side of Ambition,HIGH — weak/dead SERP opportunity,1,3,True
high achiever emptiness,9,www.linkedin.com,mid,platform-thin,https://www.linkedin.com/pulse/loneliness-high-achievers-why-success-doesnt-fill-void-rishita-jaryal-pykse,The Loneliness of High Achievers: Why Success Doesn't ...,HIGH — weak/dead SERP opportunity,1,3,True
high achiever emptiness,10,jakesmolarek.com,mid,,https://jakesmolarek.com/articles/high-achievers-paradox/,The High-Achiever's Paradox: Why Success Feels Empty,HIGH — weak/dead SERP opportunity,1,3,True
high achiever emptiness,11,ixplife.com,mid,,https://ixplife.com/hidden-causes-of-emptiness-in-high-achievers/,5 Hidden Causes of Emptiness in High Achievers (And How to ...,HIGH — weak/dead SERP opportunity,1,3,True
how to stop snapping,3,www.reddit.com,strong,UGC/forum,https://www.reddit.com/r/Anger/comments/rae6he/need_help_to_stop_snapping_at_people/,Need help to stop snapping at people : r/Anger,HIGH — weak/dead SERP opportunity,1,3,True
how to stop snapping,4,www.mentalhealth.com,mid,,https://www.mentalhealth.com/answers/frequently-snapping-over-little-things,Why do I snap over little things?,HIGH — weak/dead SERP opportunity,1,3,True
how to stop snapping,6,screening.mhanational.org,mid,,https://screening.mhanational.org/content/i-cant-stop-snapping-people/,I can't stop snapping at people! - MHA Screening,HIGH — weak/dead SERP opportunity,1,3,True
how to stop snapping,7,gemmamcfall.com,mid,,https://gemmamcfall.com/5-simple-steps-to-stop-you-from-snapping-at-others/,5 simple steps to stop you from snapping at others,HIGH — weak/dead SERP opportunity,1,3,True
how to stop snapping,8,www.quora.com,mid,UGC/forum,https://www.quora.com/How-do-I-stop-snapping-at-the-people-around-me-Its-not-even-a-bodily-warning-I-just-snap-and-start-screaming-at-people-I-have-no-control-over-myself,How to stop snapping at the people around me,HIGH — weak/dead SERP opportunity,1,3,True
how to stop snapping,9,www.terricole.com,mid,,https://www.terricole.com/emotional-reactivity/,Why You Snap (And How to Stop): Breaking Free From ...,HIGH — weak/dead SERP opportunity,1,3,True
how to stop snapping,10,www.facebook.com,mid,social,https://www.facebook.com/goodhousekeepinguk/posts/this-is-the-reason-we-snap-most-at-the-people-we-love-and-heres-how-to-stop-acco/1399189302071815/,This is the reason we snap most at the people we love (and ...,HIGH — weak/dead SERP opportunity,1,3,True
how to stop snapping,11,www.betterhelp.com,mid,,https://www.betterhelp.com/ca/anger/why-do-i-get-easily-irritated-and-rudely-snap-at-people-how-can-i-stop-myself-from-doing-so-ugc/,Why do I get easily irritated and rudely snap at people? ...,HIGH — weak/dead SERP opportunity,1,3,True
self mastery,4,medium.com,mid,platform-thin,https://medium.com/@francaram/self-mastery-101-e2d086e55f15,Self Mastery 101 — Mastering the Art of Mastering Yourself.,HIGH — weak/dead SERP opportunity,1,3,True
self mastery,5,www.reddit.com,strong,UGC/forum,https://www.reddit.com/r/enlightenment/comments/1l12s51/what_is_selfmastery/,What is self-mastery? : r/enlightenment,HIGH — weak/dead SERP opportunity,1,3,True
self mastery,6,selfmasteryandbeyond.com,mid,,https://selfmasteryandbeyond.com/blog/re-aligning-with-integrity-through-self-mastery/,What is Self Mastery: Self Control or aligning with Integrity?,HIGH — weak/dead SERP opportunity,1,3,True
self mastery,8,www.wearebeloved.ie,mid,,https://www.wearebeloved.ie/blog/10-steps-to-self-mastery,Ten Steps to Self-Mastery - Beloved,HIGH — weak/dead SERP opportunity,1,3,True
self mastery,9,www.merriam-webster.com,mid,dictionary,https://www.merriam-webster.com/dictionary/self-mastery,SELF-MASTERY Definition & Meaning,HIGH — weak/dead SERP opportunity,1,3,True
self mastery,10,yourtimetogrow.com,mid,,https://yourtimetogrow.com/journey-of-self-mastery/,The Journey of Self-Mastery,HIGH — weak/dead SERP opportunity,1,3,True
self mastery,11,dictionary.cambridge.org,mid,dictionary,https://dictionary.cambridge.org/dictionary/english/self-mastery,SELF-MASTERY | English meaning - Cambridge Dictionary,HIGH — weak/dead SERP opportunity,1,3,True
successful but empty,2,www.reddit.com,strong,UGC/forum,https://www.reddit.com/r/ask/comments/1gghwhr/why_do_people_especially_those_who_accomplished/,"Why do people, especially those who accomplished alot in ...",HIGH — weak/dead SERP opportunity,2,3,True
successful but empty,5,www.whiterivermanor.com,mid,,https://www.whiterivermanor.com/news/successful-but-still-feel-empty/,Why You Can Be Surrounded by Success and Still Feel ...,HIGH — weak/dead SERP opportunity,2,3,True
successful but empty,7,www.psychologytoday.com,strong,,https://www.psychologytoday.com/za/blog/navigating-the-serpentine-path/202604/why-you-feel-empty-after-achieving-your-goals,Why You Feel Empty After Achieving Your Goals,HIGH — weak/dead SERP opportunity,2,3,True
successful but empty,8,www.lightingwaytherapy.com.sg,mid,,https://www.lightingwaytherapy.com.sg/post/why-do-i-feel-depressed-or-empty-despite,Why Do I Feel Depressed or Empty Despite Being ...,HIGH — weak/dead SERP opportunity,2,3,True
successful but empty,9,medium.com,mid,platform-thin,https://medium.com/@culturesofpain/why-success-feels-empty-654a1ab64d8a,Why Success Feels Empty,HIGH — weak/dead SERP opportunity,2,3,True
successful but empty,10,www.linkedin.com,mid,platform-thin,https://www.linkedin.com/pulse/why-you-feel-empty-after-success-how-fix-simon-jeffries-vfape,Why You Feel Empty After Success (And How to Fix It),HIGH — weak/dead SERP opportunity,2,3,True
successful but empty,11,www.mayfairtherapy.clinic,mid,,https://www.mayfairtherapy.clinic/journal/why-successful-people-feel-empty,Why Successful People Feel Empty: Deeper Side of Ambition,HIGH — weak/dead SERP opportunity,2,3,True
people pleasing exhaustion,2,www.alustforlife.com,mid,,https://www.alustforlife.com/tools/mental-health/rewiring-the-people-pleasing-burnout-loop,Rewiring the people-pleasing / burnout loop,HIGH — weak/dead SERP opportunity,0,2,True
people pleasing exhaustion,4,www.mollymoorephd.com,mid,,https://www.mollymoorephd.com/blog/how-people-pleasing-leads-to-burnout-resentment-and-regret,"How People-Pleasing Leads to Burnout, Resentment, and ...",HIGH — weak/dead SERP opportunity,0,2,True
people pleasing exhaustion,5,www.getthegloss.com,mid,,https://www.getthegloss.com/health/mental-health/natalie-lue-how-to-avoid-burnout/,'I'm a recovering people pleaser and here are 8 ways ...,HIGH — weak/dead SERP opportunity,0,2,True
people pleasing exhaustion,6,www.linkedin.com,mid,platform-thin,https://www.linkedin.com/pulse/why-people-pleasing-causes-exhaustion-how-can-changed-katzwinkel-aj5xe,Why People-Pleasing Causes Exhaustion and how it can ...,HIGH — weak/dead SERP opportunity,0,2,True
people pleasing exhaustion,8,www.therapistsinbaltimore.com,mid,,https://www.therapistsinbaltimore.com/therapy-insights-blog/2024/12/19/12-people-pleasing-habits-that-are-secretly-exhausting-you,12 People-Pleasing Habits That Are Secretly Exhausting You,HIGH — weak/dead SERP opportunity,0,2,True
people pleasing exhaustion,9,apn.com,mid,,https://apn.com/resources/people-pleasing-depression/,The Link Between People-Pleasing and Depression,HIGH — weak/dead SERP opportunity,0,2,True
people pleasing exhaustion,10,www.facebook.com,mid,social,https://www.facebook.com/DrChatterjee/posts/people-pleasing-is-tiring-and-exhausting-it-can-lead-to-burnout-impact-your-slee/1568595891293258/,People-pleasing is tiring and exhausting. It can lead to ...,HIGH — weak/dead SERP opportunity,0,2,True
people pleasing exhaustion,11,www.madisonwomensclinic.com,mid,,https://www.madisonwomensclinic.com/for-the-people-pleasers/,For the People Pleasers,HIGH — weak/dead SERP opportunity,0,2,True
how to regain composure,4,www.linkedin.com,mid,platform-thin,https://www.linkedin.com/pulse/how-regain-composure-when-you-feel-overwhelmed-sue-nfyne,How to Regain Composure When You Feel Overwhelmed ...,HIGH — weak/dead SERP opportunity,1,2,True
how to regain composure,5,www.rachelbeohm.com,mid,,https://www.rachelbeohm.com/5-steps-regain-composure/,5 Steps to Regain Your Composure,HIGH — weak/dead SERP opportunity,1,2,True
how to regain composure,6,www.quora.com,mid,UGC/forum,https://www.quora.com/How-do-you-regain-composure-when-upset,How do you regain composure when upset?,HIGH — weak/dead SERP opportunity,1,2,True
how to regain composure,7,hbr.org,strong,,https://hbr.org/2023/07/how-to-regain-your-composure-in-stressful-situations,How to Regain Your Composure in Stressful Situations,HIGH — weak/dead SERP opportunity,1,2,True
how to regain composure,8,maybusch.com,mid,,https://maybusch.com/keep-composure-under-stress/,How to Keep Your Composure Under Stress,HIGH — weak/dead SERP opportunity,1,2,True
how to regain composure,9,blueedgetraining.com,mid,,https://blueedgetraining.com/resources/recover-composure,Micro-practices to Recover Composure Fast - Blue Edge,HIGH — weak/dead SERP opportunity,1,2,True
how to regain composure,10,1sthelp.org,mid,,https://1sthelp.org/blog/keeping-your-composure-in-5-minutes-or-less/,Keeping your Composure in 5 minutes or Less,HIGH — weak/dead SERP opportunity,1,2,True
how to regain composure,11,colterreed.com,mid,,https://colterreed.com/blog/how-to-regain-your-composure-and-calm-down-quickly/,How to Regain your Composure and Calm Down Quickly,HIGH — weak/dead SERP opportunity,1,2,True
successful but unfulfilled,1,www.reddit.com,strong,UGC/forum,https://www.reddit.com/r/Adulting/comments/zk5rku/successful_but_feeling_unfulfilled/,Successful but feeling unfulfilled? : r/Adulting,HIGH — weak/dead SERP opportunity,1,2,True
successful but unfulfilled,5,puravidayourlife.com,mid,,https://puravidayourlife.com/are-you-successful-and-unfulfilled/,Are you Successful and Unfulfilled?,HIGH — weak/dead SERP opportunity,1,2,True
successful but unfulfilled,6,community.thriveglobal.com,mid,,https://community.thriveglobal.com/why-we-sometimes-feel-unfulfilled-despite-achieving-success/,Why We Sometimes Feel Unfulfilled Despite Achieving “ ...,HIGH — weak/dead SERP opportunity,1,2,True
successful but unfulfilled,7,www.facebook.com,mid,social,https://www.facebook.com/groups/609474967118438/posts/1998873824845205/,Feeling unfulfilled in a successful career,HIGH — weak/dead SERP opportunity,1,2,True
successful but unfulfilled,8,www.entrepreneur.com,mid,,https://www.entrepreneur.com/living/ive-worked-with-dozens-of-highly-successful-but/477343,I've Worked With Dozens of Highly Successful — But Unfulfilled,HIGH — weak/dead SERP opportunity,1,2,True
successful but unfulfilled,9,themeaningmovement.com,mid,,https://themeaningmovement.com/feeling-unfulfilled/,Feeling Unfulfilled: Why It Happens and What It's Telling You,HIGH — weak/dead SERP opportunity,1,2,True
successful but unfulfilled,10,www.lightingwaytherapy.com.sg,mid,,https://www.lightingwaytherapy.com.sg/post/why-do-i-feel-depressed-or-empty-despite,Why Do I Feel Depressed or Empty Despite Being ...,HIGH — weak/dead SERP opportunity,1,2,True
successful but unfulfilled,11,frankvanburen.com,mid,,https://frankvanburen.com/successful-but-unfulfilled/,Successful… But Unfulfilled,HIGH — weak/dead SERP opportunity,1,2,True
why do I overreact,2,www.reddit.com,strong,UGC/forum,https://www.reddit.com/r/selfimprovement/comments/oiiz09/how_do_i_stop_taking_things_personally_and/,How do I stop taking things personally and overreacting to ...,HIGH — weak/dead SERP opportunity,1,2,True
why do I overreact,4,www.drbecker-phelps.com,mid,,https://www.drbecker-phelps.com/blog/you-are-not-overreacting,You're Not Overreacting: The Truth Behind Emotional ...,HIGH — weak/dead SERP opportunity,1,2,True
why do I overreact,5,mcaft.com,mid,,https://mcaft.com/learn/adult-therapy/emotional-overreaction-in-adults,Why Do I Overreact? Emotional Overreaction in Adults,HIGH — weak/dead SERP opportunity,1,2,True
why do I overreact,6,totallyadd.com,mid,,https://totallyadd.com/adhd-emotions-why-do-i-overreact/,ADHD and Emotions: Why Do I Overreact?,HIGH — weak/dead SERP opportunity,1,2,True
why do I overreact,7,vanwyckconsulting.com,mid,,https://vanwyckconsulting.com/why-am-i-overreacting-and-how-can-i-stop/,"Why am I overreacting, and how can I stop?",HIGH — weak/dead SERP opportunity,1,2,True
why do I overreact,8,www.dralisoncook.com,mid,,https://www.dralisoncook.com/podcasts/why-we-overreact--how-big-emotions-can-help-you-unburden-past-hurts,Why We Overreact—How Big Emotions Can Help You ...,HIGH — weak/dead SERP opportunity,1,2,True
why do I overreact,9,mylifepsychologists.com.au,mid,,https://mylifepsychologists.com.au/why-small-things-trigger-big-emotional-reactions/,Why Small Things Trigger Big Emotional Reactions,HIGH — weak/dead SERP opportunity,1,2,True
why do I overreact,10,www.quora.com,mid,UGC/forum,https://www.quora.com/Why-do-some-people-tend-to-overreact-and-make-a-big-deal-out-of-small-things-Is-it-necessary-to-be-so-dramatic,Why do some people tend to overreact and make a big ...,HIGH — weak/dead SERP opportunity,1,2,True
why do I overreact,11,psychcentral.com,mid,,https://psychcentral.com/blog/how-to-stop-overreacting,6 Tips to Stop Overreacting,HIGH — weak/dead SERP opportunity,1,2,True
can't switch off from work,2,www.reddit.com,strong,UGC/forum,https://www.reddit.com/r/AskUK/comments/112d2lz/how_do_you_switch_off_from_work_instead_of/,How do you switch off from work instead of thinking about it ...,HIGH — weak/dead SERP opportunity,2,2,True
can't switch off from work,4,drjameshewitt.com,mid,,https://drjameshewitt.com/why-is-it-so-hard-to-switch-off/,Why is it so hard to switch off?,HIGH — weak/dead SERP opportunity,2,2,True
can't switch off from work,6,www.theguardian.com,strong,,https://www.theguardian.com/lifeandstyle/2025/dec/19/the-perfect-way-to-switch-off-from-work-how-to-detach-and-de-stress,The perfect way to switch off from work: the secret to a daily ...,HIGH — weak/dead SERP opportunity,2,2,True
can't switch off from work,7,www.thethoughtco.in,mid,,https://www.thethoughtco.in/blogs/the-workroom/why-cant-i-switch-off-from-work-what-actually-causes-it?srsltid=AfmBOopa4RHqoKNKwk9ObSMxZZMr5KC7R0dqHzmxAwWBNrxr95jcIl7Q,Why Can't I Switch Off From Work? What Actually Causes It,HIGH — weak/dead SERP opportunity,2,2,True
can't switch off from work,8,www.facebook.com,mid,social,https://www.facebook.com/groups/347855559823426/posts/1589640865644883/,I need suggestions on how to switch off from work.,HIGH — weak/dead SERP opportunity,2,2,True
can't switch off from work,9,electricalcharity.org,mid,,https://electricalcharity.org/tips-to-reset-your-head/,Can't switch off after work? Here's how to reset your head,HIGH — weak/dead SERP opportunity,2,2,True
can't switch off from work,10,katehorwood.com,mid,,https://katehorwood.com/when-you-cant-fully-switch-off-at-the-weekend/,When you can't fully switch off at the weekend,HIGH — weak/dead SERP opportunity,2,2,True
can't switch off from work,11,www.recruiters.ie,mid,,https://www.recruiters.ie/blog/cant-switch-off-from-work-read-this/,Can't switch off from work? Read this.,HIGH — weak/dead SERP opportunity,2,2,True
feeling empty inside,2,www.sadag.org,mid,,https://www.sadag.org/index.php?option=com_content&view=article&id=11&Itemid=114,Contact SADAG,HIGH — weak/dead SERP opportunity,2,2,True
feeling empty inside,4,www.verywellmind.com,strong,,https://www.verywellmind.com/i-feel-empty-5195295,What to Do If You Feel Empty Inside,HIGH — weak/dead SERP opportunity,2,2,True
feeling empty inside,5,therapygroupdc.com,mid,,https://therapygroupdc.com/therapist-dc-blog/why-do-i-feel-empty/,Why Do I Feel Empty Inside? A Therapist Explains,HIGH — weak/dead SERP opportunity,2,2,True
feeling empty inside,6,ocnos-clinic.com,mid,,https://ocnos-clinic.com/en/i-feel-empty-inside/,Why do I feel empty inside when my life looks fine?,HIGH — weak/dead SERP opportunity,2,2,True
feeling empty inside,7,www.youtube.com,mid,social,https://www.youtube.com/watch?v=PzxEnCv4saE,This Is Why You Feel Empty Inside — And How to Break Free,HIGH — weak/dead SERP opportunity,2,2,True
feeling empty inside,8,eggshelltherapy.com,mid,,https://eggshelltherapy.com/feeling-empty/,Why Do I Feel Empty and Numb? 10 Sign You Feel Nothing,HIGH — weak/dead SERP opportunity,2,2,True
feeling empty inside,9,www.meetradial.com,mid,,https://www.meetradial.com/blog/why-do-i-feel-empty,Why Do I Feel Empty? Understanding the Causes and ...,HIGH — weak/dead SERP opportunity,2,2,True
feeling empty inside,10,www.reddit.com,strong,UGC/forum,https://www.reddit.com/r/Existentialism/comments/15jvynj/how_do_i_stop_feeling_empty/,How do I stop feeling empty? : r/Existentialism,HIGH — weak/dead SERP opportunity,2,2,True
feeling empty inside,11,totalmentalwellnessfl.com,mid,,https://totalmentalwellnessfl.com/why-do-i-feel-empty-inside/,"Why Do I Feel Empty Inside? Signs, Causes, and Solutions",HIGH — weak/dead SERP opportunity,2,2,True
financial stress South Africa,2,www.dailymaverick.co.za,local_sa,,https://www.dailymaverick.co.za/article/2026-04-22-why-earning-more-is-not-enough-to-fix-south-africans-financial-stress/,Why earning more is not enough to fix South Africans ...,HIGH — local/long-tail thin SERP,2,2,True
financial stress South Africa,3,www.facebook.com,mid,social,https://www.facebook.com/businessdaylive/posts/financial-stress-is-tightening-its-grip-on-south-african-consumers-with-72-repor/1505863114913266/,Financial stress is tightening its grip on South African ...,HIGH — local/long-tail thin SERP,2,2,True
financial stress South Africa,5,www.bayport.co.za,local_sa,,https://www.bayport.co.za/the-real-reason-most-south-africans-worry-about-money/,The real reason most South Africans worry about money,HIGH — local/long-tail thin SERP,2,2,True
financial stress South Africa,6,www.facebook.com,mid,social,https://www.facebook.com/newsroomza/videos/south-africans-earning-more-than-r20000-a-month-are-also-feeling-the-pressure-of/4442962625945100/,"South Africans earning more than R20,000 a month are also ...",HIGH — local/long-tail thin SERP,2,2,True
financial stress South Africa,8,www.kaelo.co.za,local_sa,,https://www.kaelo.co.za/mind-and-money-understanding-the-mental-health-impact-of-finances/,Understanding the Mental Health Impact of Finances,HIGH — local/long-tail thin SERP,2,2,True
financial stress South Africa,9,www.sanews.gov.za,strong,,https://www.sanews.gov.za/features-south-africa/dont-let-financial-stress-get-better-you,Don't let financial stress get the better of you | SAnews,HIGH — local/long-tail thin SERP,2,2,True
financial stress South Africa,10,www.moonstone.co.za,local_sa,,https://www.moonstone.co.za/when-money-matters-understanding-the-link-between-financial-stress-and-mental-health/,understanding the link between financial stress and mental ...,HIGH — local/long-tail thin SERP,2,2,True
financial stress South Africa,11,pmc.ncbi.nlm.nih.gov,strong,,https://pmc.ncbi.nlm.nih.gov/articles/PMC10338347/,The road to recovery: Financial resilience and mental health in ...,HIGH — local/long-tail thin SERP,2,2,True
high functioning burnout,2,www.talkspace.com,mid,,https://www.talkspace.com/blog/high-functioning-burnout/,High-Functioning Burnout: When Success Comes at a Cost,HIGH — weak/dead SERP opportunity,2,2,True
high functioning burnout,4,integrishealth.org,mid,,https://integrishealth.org/resources/on-your-health/2026/june/high-functioning-burnout,High-Functioning Burnout: Feeling Fine on the Outside but ...,HIGH — weak/dead SERP opportunity,2,2,True
high functioning burnout,5,www.thefarley.co.uk,mid,,https://www.thefarley.co.uk/post/high-functioning-burnout,High-Functioning Burnout: What It Really Feels Like,HIGH — weak/dead SERP opportunity,2,2,True
high functioning burnout,6,www.linkedin.com,mid,platform-thin,https://www.linkedin.com/pulse/high-functioning-burnout-you-dont-see-coming-dr-janine-van-someren-3ahxe,High-Functioning Burnout: The Burnout You Don't See ...,HIGH — weak/dead SERP opportunity,2,2,True
high functioning burnout,7,www.forbes.com,strong,,https://www.forbes.com/sites/traversmark/2025/11/25/3-signs-youre-facing-high-functioning-burnout-by-a-psychologist/,"3 Signs You're Facing 'High-Functioning Burnout,' By A ...",HIGH — weak/dead SERP opportunity,2,2,True
high functioning burnout,8,medium.com,mid,platform-thin,https://medium.com/@jnhook/the-burnout-no-one-sees-7-quiet-symptoms-high-achievers-ignore-ff221e79881f,The Burnout No One Sees: 7 Quiet Symptoms High ...,HIGH — weak/dead SERP opportunity,2,2,True
high functioning burnout,9,avitapsycare.com,mid,,https://avitapsycare.com/high-functioning-depression-burnout/,The difference between burnout and high-functioning ...,HIGH — weak/dead SERP opportunity,2,2,True
high functioning burnout,10,www.webmd.com,strong,,https://www.webmd.com/mental-health/burnout-symptoms-signs,"Burnout: Symptoms, Risk Factors, Prevention, Treatment",HIGH — weak/dead SERP opportunity,2,2,True
how to stop overreacting to small things,2,www.reddit.com,strong,UGC/forum,https://www.reddit.com/r/selfimprovement/comments/oiiz09/how_do_i_stop_taking_things_personally_and/,How do I stop taking things personally and overreacting to ...,HIGH — weak/dead SERP opportunity,2,2,True
how to stop overreacting to small things,4,psychcentral.com,mid,,https://psychcentral.com/blog/how-to-stop-overreacting,6 Tips to Stop Overreacting,HIGH — weak/dead SERP opportunity,2,2,True
how to stop overreacting to small things,5,www.psychologytoday.com,strong,,https://www.psychologytoday.com/za/blog/your-emotional-meter/201808/how-to-stop-overreacting-to-the-small-stuff,How to Stop Overreacting to the Small Stuff,HIGH — weak/dead SERP opportunity,2,2,True
how to stop overreacting to small things,7,www.drbecker-phelps.com,mid,,https://www.drbecker-phelps.com/blog/you-are-not-overreacting,You're Not Overreacting: The Truth Behind Emotional ...,HIGH — weak/dead SERP opportunity,2,2,True
how to stop overreacting to small things,8,mylifepsychologists.com.au,mid,,https://mylifepsychologists.com.au/why-small-things-trigger-big-emotional-reactions/,Why Small Things Trigger Big Emotional Reactions,HIGH — weak/dead SERP opportunity,2,2,True
how to stop overreacting to small things,9,www.healthshots.com,mid,,https://www.healthshots.com/mind/mental-health/tips-to-stop-overreacting/,9 ways to stop overreacting to small things,HIGH — weak/dead SERP opportunity,2,2,True
how to stop overreacting to small things,10,www.linkedin.com,mid,platform-thin,https://www.linkedin.com/pulse/overreacting-6-action-strategies-help-you-stop-gideon-hanekom,Overreacting: 6 Action Strategies to Help You Stop,HIGH — weak/dead SERP opportunity,2,2,True
how to stop overreacting to small things,11,www.makinwellness.com,mid,,https://www.makinwellness.com/how-to-stop-overreacting/,How To Stop Overreacting And Finally Gain Control Over ...,HIGH — weak/dead SERP opportunity,2,2,True
leadership burnout,2,www.harvardbusiness.org,mid,,https://www.harvardbusiness.org/insight/the-burnout-risk-strengthening-your-midlevel-leaders/,The Burnout Risk: Strengthening Your Midlevel Leaders,HIGH — weak/dead SERP opportunity,2,2,True
leadership burnout,3,www.forbes.com,strong,,https://www.forbes.com/sites/julianhayesii/2025/04/20/leadership-burnout-is-surging-one-overlooked-habit-can-help/,Leadership Burnout Is Surging. One Overlooked Habit Can ...,HIGH — weak/dead SERP opportunity,2,2,True
leadership burnout,4,pmc.ncbi.nlm.nih.gov,strong,,https://pmc.ncbi.nlm.nih.gov/articles/PMC10581267/,Burning bright or burning out: a qualitative investigation ... - PMC,HIGH — weak/dead SERP opportunity,2,2,True
leadership burnout,7,www.linkedin.com,mid,platform-thin,https://www.linkedin.com/pulse/understanding-burnout-leadership-causes-context-what-we-%E9%AD%8F%E6%84%8F%E6%98%8E--kndoc,"Understanding Burnout in Leadership: Causes, Context ...",HIGH — weak/dead SERP opportunity,2,2,True
leadership burnout,8,www.speexx.com,mid,,https://www.speexx.com/speexx-blog/leadership-and-burnout-how-to-avoid-burnout-as-a-leader/,Leadership and Burnout: How to Avoid Burnout as a Leader,HIGH — weak/dead SERP opportunity,2,2,True
leadership burnout,9,thebalance.clinic,mid,,https://thebalance.clinic/resources/mental-health/burnout/leadership-burnout/,"Leadership Burnout: Signs, Causes, and Recovery Options",HIGH — weak/dead SERP opportunity,2,2,True
leadership burnout,10,www.youtube.com,mid,social,https://www.youtube.com/watch?v=ruH8nFgpl6Y,Leading on Empty: How to Tackle Leadership Burnout,HIGH — weak/dead SERP opportunity,2,2,True
leadership burnout,11,www.ccl.org,mid,,https://www.ccl.org/leadership-challenges/leadership-burnout/,Burnout in Leadership: Solutions for Organizations | CCL,HIGH — weak/dead SERP opportunity,2,2,True
manager burnout,2,www.dalecarnegie.com,mid,,https://www.dalecarnegie.com/blog/who-watches-out-for-the-watchers-managing-manager-burnout/,Managing Manager Burnout | Dale Carnegie Blog,HIGH — weak/dead SERP opportunity,2,2,True
manager burnout,4,www.reddit.com,strong,UGC/forum,https://www.reddit.com/r/managers/comments/16ce8t4/manage_your_own_personal_burnout_as_a_manager/,Manage your own personal burnout as a manager?,HIGH — weak/dead SERP opportunity,2,2,True
manager burnout,5,thewellbeingproject.co.uk,mid,,https://thewellbeingproject.co.uk/insight/manager-burnout/,Manager Burnout: Prevention Beats Firefighting,HIGH — weak/dead SERP opportunity,2,2,True
manager burnout,6,www.modernhealth.com,mid,,https://www.modernhealth.com/post/how-to-address-manager-burnout,How to Address Manager Burnout and Improve ...,HIGH — weak/dead SERP opportunity,2,2,True
manager burnout,7,www.waldenu.edu,strong,,https://www.waldenu.edu/online-masters-programs/master-of-business-administration/resource/manager-burnout,Manager Burnout: Is There a Cure?,HIGH — weak/dead SERP opportunity,2,2,True
manager burnout,9,www.linkedin.com,mid,platform-thin,https://www.linkedin.com/pulse/when-managers-burn-out-so-does-culture-spring-health-r4wac,"When the managers burn out, so does the culture",HIGH — weak/dead SERP opportunity,2,2,True
manager burnout,10,lattice.com,mid,,https://lattice.com/articles/how-to-talk-to-your-manager-about-burnout,How to Talk to Your Manager About Burnout | Article,HIGH — weak/dead SERP opportunity,2,2,True
manager burnout,11,www.gallup.com,mid,,https://www.gallup.com/workplace/357404/manager-burnout-getting-worse.aspx,Manager Burnout Is Only Getting Worse,HIGH — weak/dead SERP opportunity,2,2,True
presenteeism,3,pmc.ncbi.nlm.nih.gov,strong,,https://pmc.ncbi.nlm.nih.gov/articles/PMC2947637/,Presenteeism: A Public Health Hazard - PMC - NIH,HIGH — weak/dead SERP opportunity,2,2,True
presenteeism,4,en.wikipedia.org,strong,wiki,https://en.wikipedia.org/wiki/Presenteeism,Presenteeism,HIGH — weak/dead SERP opportunity,2,2,True
presenteeism,5,www.investopedia.com,mid,,https://www.investopedia.com/terms/p/presenteeism.asp,Presenteeism: What It Is and How It Works,HIGH — weak/dead SERP opportunity,2,2,True
presenteeism,6,www.engageemployee.com,mid,,https://www.engageemployee.com/blog/the-rise-of-presenteeism-and-leavism-in-the-workplace,The rise of 'presenteeism' and 'leavism' in the workplace,HIGH — weak/dead SERP opportunity,2,2,True
presenteeism,7,www.aihr.com,mid,,https://www.aihr.com/blog/presenteeism/,The Complete Guide on Presenteeism (w. Example ...,HIGH — weak/dead SERP opportunity,2,2,True
presenteeism,8,www.cambridge.org,mid,dictionary,https://www.cambridge.org/core/books/presenteeism-at-work/presenteeism-an-introduction-to-a-prevailing-global-phenomenon/3EDBBADA204B214A1AA069454809D5FA,1 - Presenteeism: An Introduction to a Prevailing Global ...,HIGH — weak/dead SERP opportunity,2,2,True
presenteeism,9,www.ebsco.com,mid,,https://www.ebsco.com/research-starters/economics/digital-presenteeism,Digital presenteeism | Economics | Research Starters,HIGH — weak/dead SERP opportunity,2,2,True
presenteeism,10,www.racgp.org.au,mid,,https://www.racgp.org.au/getattachment/90c82662-8859-45cc-9ff2-1fb46ac1110d/Presenteeism.aspx,Presenteeism,HIGH — weak/dead SERP opportunity,2,2,True
presenteeism,11,www.healthassured.org,mid,,https://www.healthassured.org/blog/presenteeism/,What is Presenteeism in the Workplace?,HIGH — weak/dead SERP opportunity,2,2,True
regain composure under pressure,2,maybusch.com,mid,,https://maybusch.com/keep-composure-under-stress/,How to Keep Your Composure Under Stress,HIGH — weak/dead SERP opportunity,2,2,True
regain composure under pressure,4,peak.humanperformance.ie,mid,,https://peak.humanperformance.ie/p/composure-under-pressure,Day 25: Composure Under Pressure,HIGH — weak/dead SERP opportunity,2,2,True
regain composure under pressure,5,www.youtube.com,mid,social,https://www.youtube.com/watch?v=DTCQgXTaEyc,How to Regain Your Composure in Stressful Situations #work ...,HIGH — weak/dead SERP opportunity,2,2,True
regain composure under pressure,7,hbr.org,strong,,https://hbr.org/2023/07/how-to-regain-your-composure-in-stressful-situations,How to Regain Your Composure in Stressful Situations,HIGH — weak/dead SERP opportunity,2,2,True
regain composure under pressure,8,www.calm.com,strong,,https://www.calm.com/blog/how-to-stay-calm-under-pressure,How to stay calm under pressure: 10 proven techniques,HIGH — weak/dead SERP opportunity,2,2,True
regain composure under pressure,9,www.linkedin.com,mid,platform-thin,https://www.linkedin.com/top-content/leadership/high-pressure-leadership-tips/tips-for-staying-composed-under-pressure/,Tips for Staying Composed Under Pressure,HIGH — weak/dead SERP opportunity,2,2,True
regain composure under pressure,10,www.innovativehumancapital.com,mid,,https://www.innovativehumancapital.com/article/keeping-your-cool-strategies-for-maintaining-composure-in-stressful-situations,Strategies for Maintaining Composure in Stressful Situations,HIGH — weak/dead SERP opportunity,2,2,True
burned out but can't quit,2,www.reddit.com,strong,UGC/forum,https://www.reddit.com/r/burnedout/comments/1ta3p1c/experiences_of_burnout_as_someone_who_cannot/,Experiences of burnout as someone who cannot afford to ...,HIGH — local/long-tail thin SERP,3,2,True
burned out but can't quit,5,www.everydayhealth.com,mid,,https://www.everydayhealth.com/burnout/what-to-do-about-burnout-if-quitting-is-not-an-option/,Burnout: Tips for Coping When You Can't Just Quit,HIGH — local/long-tail thin SERP,3,2,True
burned out but can't quit,7,www.linkedin.com,mid,platform-thin,https://www.linkedin.com/posts/victoriapena1_heres-why-you-shouldnt-quit-your-job-right-activity-7386065599740911617-p9F_,Don't quit your job yet: how to recover from burnout,HIGH — local/long-tail thin SERP,3,2,True
burned out but can't quit,8,www.helpguide.org,strong,,https://www.helpguide.org/mental-health/stress/burnout-prevention-and-recovery,"Burnout: Symptoms, Treatment, and Coping Strategy Tips",HIGH — local/long-tail thin SERP,3,2,True
burned out but can't quit,9,drsharongrossman.com,mid,,https://drsharongrossman.com/how-to-manage-burnout-without-quitting-your-job/,How to Manage Burnout Without Quitting Your Job,HIGH — local/long-tail thin SERP,3,2,True
burned out but can't quit,10,notesbythalia.com,mid,,https://notesbythalia.com/what-i-thought-would-fix-my-burnout-vs-what-actually-did/,What I Thought Would Fix My Burnout vs What Actually Did,HIGH — local/long-tail thin SERP,3,2,True
burned out but can't quit,11,health.clevelandclinic.org,strong,,https://health.clevelandclinic.org/signs-of-burnout,What Is Burnout? 6 Signs and How To Recover,HIGH — local/long-tail thin SERP,3,2,True
how to recover from burnout without quitting your job,2,medium.com,mid,platform-thin,https://medium.com/@rfdxzc/how-i-beat-burnout-without-quitting-my-job-69ab4750f784,How I Beat Burnout Without Quitting My Job | by self impro..,HIGH — local/long-tail thin SERP,3,2,True
how to recover from burnout without quitting your job,4,www.reddit.com,strong,UGC/forum,https://www.reddit.com/r/AskMenOver30/comments/1enngiq/have_any_of_you_recovered_from_burnout_without/,Have any of you recovered from burnout without stopping ...,HIGH — local/long-tail thin SERP,3,2,True
how to recover from burnout without quitting your job,6,notesbythalia.com,mid,,https://notesbythalia.com/how-to-beat-burnout-without-quitting-your-job/,How To Recover from Burnout Without Quitting Your Job,HIGH — local/long-tail thin SERP,3,2,True
how to recover from burnout without quitting your job,8,www.helpguide.org,strong,,https://www.helpguide.org/mental-health/stress/burnout-prevention-and-recovery,"Burnout: Symptoms, Treatment, and Coping Strategy Tips",HIGH — local/long-tail thin SERP,3,2,True
how to recover from burnout without quitting your job,9,www.forbes.com,strong,,https://www.forbes.com/sites/kathycaprino/2014/11/07/how-to-cure-your-burnout-without-quitting-your-job/,How To Cure Your Burnout Without Quitting Your Job,HIGH — local/long-tail thin SERP,3,2,True
how to recover from burnout without quitting your job,10,www.mytimecounseling.com,mid,,https://www.mytimecounseling.com/blog/how-to-recover-from-burnout-while-still-working-a-practical-guide,How to Recover from Burnout While Still Working: A Practical ...,HIGH — local/long-tail thin SERP,3,2,True
how to recover from burnout without quitting your job,11,truittinstitute.com,mid,,https://truittinstitute.com/how-to-beat-burnout-without-stepping-away-from-the-work-you-love/,How to Beat Burnout Without Stepping Away from the Work ...,HIGH — local/long-tail thin SERP,3,2,True
executive burnout,2,www.linkedin.com,mid,platform-thin,https://www.linkedin.com/pulse/true-cause-executive-burnout-hint-its-workload-what-audrey-n4ngc,The True Cause of Executive Burnout (Hint: It's Not ...,HIGH — weak SERP (few authorities),0,1,True
executive burnout,4,www.shrm.org,mid,,https://www.shrm.org/executive-network/insights/guide-to-understanding-preventing-burnout-executive,A Guide to Understanding & Preventing Burnout as an ...,HIGH — weak SERP (few authorities),0,1,True
executive burnout,5,kingamnich.com,mid,,https://kingamnich.com/2026/03/21/executive-burnout-is-a-connection-problem/,"Executive Burnout Is a Connection Problem, Not ...",HIGH — weak SERP (few authorities),0,1,True
executive burnout,6,www.wavelengthspsychology.com,mid,,https://www.wavelengthspsychology.com/executive-burnout.html,Executive Burnout,HIGH — weak SERP (few authorities),0,1,True
executive burnout,7,richard-reid.com,mid,,https://richard-reid.com/conquering-executive-burnout-strategies-for-wellbeing-and-sustainable-success/,Conquering Executive Burnout: Strategies for Wellbeing ...,HIGH — weak SERP (few authorities),0,1,True
executive burnout,8,kusnachtpractice.com,mid,,https://kusnachtpractice.com/articles/executive-burnout-effects-symptoms-and-treatment/,"Executive burnout - Causes, First symptoms and treatments",HIGH — weak SERP (few authorities),0,1,True
executive burnout,9,appreciationatwork.com,mid,,https://appreciationatwork.com/blog/signs-you-are-burnt-out-at-work/,Executive Burnout: 7 Critical Signs and Strategies for ...,HIGH — weak SERP (few authorities),0,1,True
executive burnout,10,www.cnbc.com,mid,,https://www.cnbc.com/2026/05/05/executives-are-burning-out-dont-know-how-to-cope-management-experts.html,Executives are burning out and they don't know how to ...,HIGH — weak SERP (few authorities),0,1,True
executive burnout,11,tranquilowellness.com.au,mid,,https://tranquilowellness.com.au/blog/overcoming-executive-burnout/,Overcoming Executive Burnout Before It Impacts Your Life,HIGH — weak SERP (few authorities),0,1,True
personal development books,2,www.readerswarehouse.co.za,local_sa,,https://www.readerswarehouse.co.za/collections/personal-development-1?srsltid=AfmBOoppbUcd0ivw6XkqY0Ibxv01H6EeyHwwbwNjziAku_vco59_ulf2,Personal Development Books: Bestsellers For Growth & ...,HIGH — weak SERP (few authorities),0,1,True
personal development books,4,notesbythalia.com,mid,,https://notesbythalia.com/best-self-improvement-books/,The 5 Best Self-Improvement Books I Keep Coming Back To,HIGH — weak SERP (few authorities),0,1,True
personal development books,5,cumbooks.co.za,local_sa,,https://cumbooks.co.za/collections/self-help-personal-growth?srsltid=AfmBOoqWZGk0ftYnn4VxB1Cj4d622fCnJ3ZLHiY6u6vsrK6dxYjKJfj_,Books about Personal Growth,HIGH — weak SERP (few authorities),0,1,True
personal development books,6,susie-moore.com,mid,,https://susie-moore.com/books/best-self-help-books/,The 13 Best Self Help Books of All Time,HIGH — weak SERP (few authorities),0,1,True
personal development books,7,www.goodreads.com,mid,,https://www.goodreads.com/shelf/show/personal-development,Popular Personal Development Books,HIGH — weak SERP (few authorities),0,1,True
personal development books,8,ryangottfredson.com,mid,,https://ryangottfredson.com/blog/2025/03/31/the-27-best-self-help-personal-improvement-books/,The 27 Best Self-Help & Personal Improvement Books,HIGH — weak SERP (few authorities),0,1,True
personal development books,9,www.youtube.com,mid,social,https://www.youtube.com/watch?v=HjB2UPqDLw4,I Read 400 Self-Improvement Books: Only These 40 Are Worth ...,HIGH — weak SERP (few authorities),0,1,True
personal development books,10,www.summary.com,mid,,https://www.summary.com/the-20-best-personal-development-books-of-all-time/,Top 20 Personal Development Books of All Time,HIGH — weak SERP (few authorities),0,1,True
personal development books,11,www.waterstones.com,mid,,https://www.waterstones.com/category/non-fiction/health-wellbeing/self-help-personal-development,Self Help and Personal Development Books,HIGH — weak SERP (few authorities),0,1,True
reactive mind,2,www.scientology.org.za,local_sa,,https://www.scientology.org.za/what-is-dianetics/basic-principles-of-scientology/the-parts-of-the-mind.html,The Parts of the Mind: The Analytical Mind and Reactive ...,HIGH — weak SERP (few authorities),0,1,True
reactive mind,4,firstindependentchurchofscientology.org,mid,,https://firstindependentchurchofscientology.org/definitions/reactive-mind/,Reactive Mind,HIGH — weak SERP (few authorities),0,1,True
reactive mind,5,www.scientology-capetown.org,mid,,https://www.scientology-capetown.org/what-is-dianetics/basic-principles-of-scientology/the-solution-to-the-reactive-mind.html,"Reactive Mind, Negative Experiences, Memories & Engrams",HIGH — weak SERP (few authorities),0,1,True
reactive mind,6,jackkornfield.com,mid,,https://jackkornfield.com/balancing-what-is-reactive/,Balancing the Reactive Mind | Jack ...,HIGH — weak SERP (few authorities),0,1,True
reactive mind,7,www.scientology-pretoria.org.za,local_sa,,https://www.scientology-pretoria.org.za/what-is-dianetics/basic-principles-of-scientology/the-solution-to-the-reactive-mind.html,"Reactive Mind, Negative Experiences, Memories & Engrams",HIGH — weak SERP (few authorities),0,1,True
reactive mind,8,www.freedommag.ca,mid,,https://www.freedommag.ca/magazine/201507-infrastructure/what-is-scientology/the-analytical-mind.html,The Analytical Mind,HIGH — weak SERP (few authorities),0,1,True
reactive mind,9,www.quora.com,mid,UGC/forum,https://www.quora.com/What-is-the-reactive-mind,What is the reactive mind?,HIGH — weak SERP (few authorities),0,1,True
reactive mind,10,www.supportforcouples.com,mid,,https://www.supportforcouples.com/blog/reactive-states-of-mind,Reactive States of Mind,HIGH — weak SERP (few authorities),0,1,True
reactive mind,11,en.wiktionary.org,mid,,https://en.wiktionary.org/wiki/reactive_mind,reactive mind,HIGH — weak SERP (few authorities),0,1,True
self help books,3,www.readerswarehouse.co.za,local_sa,,https://www.readerswarehouse.co.za/collections/personal-development-1?srsltid=AfmBOoqD95iDoK1aT1HC-EO1E6MoUWbb4iJAdE5TLmlJV8bSUhnchEQk,Personal Development Books: Bestsellers For Growth & ...,HIGH — weak SERP (few authorities),0,1,True
self help books,4,www.goodreads.com,mid,,https://www.goodreads.com/shelf/show/self-help,Popular Self Help Books,HIGH — weak SERP (few authorities),0,1,True
self help books,5,notesbythalia.com,mid,,https://notesbythalia.com/best-self-improvement-books/,The 5 Best Self-Improvement Books I Keep Coming Back To,HIGH — weak SERP (few authorities),0,1,True
self help books,6,exclusivebooks.co.za,local_sa,,https://exclusivebooks.co.za/collections/psychology-and-self-help,Psychology and Self-Help,HIGH — weak SERP (few authorities),0,1,True
self help books,7,susie-moore.com,mid,,https://susie-moore.com/books/best-self-help-books/,The 13 Best Self Help Books of All Time,HIGH — weak SERP (few authorities),0,1,True
self help books,8,cumbooks.co.za,local_sa,,https://cumbooks.co.za/collections/self-help-personal-growth?srsltid=AfmBOooAoadz3U7jAeCCD7sA9H8hK3eAiHtWDyh1r3izd0G7BBZm-rnc,Books about Personal Growth,HIGH — weak SERP (few authorities),0,1,True
self help books,9,ryangottfredson.com,mid,,https://ryangottfredson.com/blog/2025/03/31/the-27-best-self-help-personal-improvement-books/,The 27 Best Self-Help & Personal Improvement Books,HIGH — weak SERP (few authorities),0,1,True
self help books,10,www.youtube.com,mid,social,https://www.youtube.com/watch?v=HjB2UPqDLw4,I Read 400 Self-Improvement Books: Only These 40 Are Worth ...,HIGH — weak SERP (few authorities),0,1,True
self help books,11,xarrabooks.com,mid,,https://xarrabooks.com/product-category/motivation-self-help/,Motivation & Self-help,HIGH — weak SERP (few authorities),0,1,True
anxiety at work,2,www.webmd.com,strong,,https://www.webmd.com/anxiety-panic/features/workplace-anxiety,"Workplace Anxiety: Causes, Symptoms, and Treatment",HIGH — weak SERP (few authorities),1,1,True
anxiety at work,4,stellamentalhealth.com,mid,,https://stellamentalhealth.com/resources/workplace-anxiety,"Workplace Anxiety: Causes, Symptoms, & How To Cope With It",HIGH — weak SERP (few authorities),1,1,True
anxiety at work,5,www.nhs.uk,mid,,https://www.nhs.uk/every-mind-matters/lifes-challenges/work-related-stress/,Work-related stress,HIGH — weak SERP (few authorities),1,1,True
anxiety at work,6,altius.au,mid,,https://altius.au/news-and-research/anxiety-about-going-to-work,Anxiety About Going to Work,HIGH — weak SERP (few authorities),1,1,True
anxiety at work,7,advancedpsychiatryassociates.com,mid,,https://advancedpsychiatryassociates.com/resources/blog/how-to-manage-anxiety-at-work,How to Manage Anxiety at Work,HIGH — weak SERP (few authorities),1,1,True
anxiety at work,8,www.lifepathgroup.co.za,local_sa,,https://www.lifepathgroup.co.za/how-to-deal-with-anxiety-in-the-workplace/,How To Deal With Anxiety In The Workplace,HIGH — weak SERP (few authorities),1,1,True
anxiety at work,9,www.youtube.com,mid,social,https://www.youtube.com/watch?v=vi0_kOBo4k0,How to improve work anxiety | Change Your Mind ...,HIGH — weak SERP (few authorities),1,1,True
anxiety at work,10,www.priorygroup.com,mid,,https://www.priorygroup.com/blog/what-to-do-if-you-feel-too-anxious-to-work,What to do if you feel too anxious to work,HIGH — weak SERP (few authorities),1,1,True
anxiety at work,11,www.talkiatry.com,mid,,https://www.talkiatry.com/blog/anxiety-at-work,Combatting Anxiety at Work: 8 Tips from our Psychiatrists,HIGH — weak SERP (few authorities),1,1,True
best self help books,2,notesbythalia.com,mid,,https://notesbythalia.com/best-self-improvement-books/,The 5 Best Self-Improvement Books I Keep Coming Back To,HIGH — weak SERP (few authorities),1,1,True
best self help books,3,www.reddit.com,strong,UGC/forum,https://www.reddit.com/r/suggestmeabook/comments/1093r0x/selfhelp_books_that_actually_helped_you/,Self-help books that ACTUALLY helped you?,HIGH — weak SERP (few authorities),1,1,True
best self help books,5,susie-moore.com,mid,,https://susie-moore.com/books/best-self-help-books/,The 13 Best Self Help Books of All Time,HIGH — weak SERP (few authorities),1,1,True
best self help books,6,www.goodreads.com,mid,,https://www.goodreads.com/shelf/show/self-help,Popular Self Help Books,HIGH — weak SERP (few authorities),1,1,True
best self help books,7,www.readerswarehouse.co.za,local_sa,,https://www.readerswarehouse.co.za/collections/personal-development-1?srsltid=AfmBOophQJbdjJ76dgl-bcBLyntrdIPRCbqFH3XqXaFdxVoNkyNhXLA0,Personal Development Books: Bestsellers For Growth & ...,HIGH — weak SERP (few authorities),1,1,True
best self help books,8,www.amazon.com,mid,,https://www.amazon.com/Best-Sellers-Self-Help/zgbs/books/4736,Amazon Best Sellers: Best Self-Help,HIGH — weak SERP (few authorities),1,1,True
best self help books,9,ryangottfredson.com,mid,,https://ryangottfredson.com/blog/2025/03/31/the-27-best-self-help-personal-improvement-books/,The 27 Best Self-Help & Personal Improvement Books,HIGH — weak SERP (few authorities),1,1,True
best self help books,11,www.libraryjournal.com,mid,,https://www.libraryjournal.com/story/Best-Selling-Self-Help-Books-The-Most-Sought-After-Titles-by-Public-Libraries,20 Bestselling Self-Help Books | The Most Sought-After ...,HIGH — weak SERP (few authorities),1,1,True
burnout Cape Town,2,renewedlifecenter.co.za,local_sa,,https://renewedlifecenter.co.za/executive-burnout-wellness-in-cape-town/,Executive Burnout & Wellness in Cape Town,HIGH — local/long-tail thin SERP,1,1,True
burnout Cape Town,3,recovery.com,mid,,https://recovery.com/south-africa/burnout/,26 Best South Africa Burnout Rehabs (With Pricing),HIGH — local/long-tail thin SERP,1,1,True
burnout Cape Town,4,healingandlifetransformation.com,mid,,https://healingandlifetransformation.com/burnout-recovery-program-cape-town/,Burnout Recovery Program Cape Town,HIGH — local/long-tail thin SERP,1,1,True
burnout Cape Town,5,www.reddit.com,strong,UGC/forum,https://www.reddit.com/r/capetown/comments/1e9q3lk/whos_been_through_burnout_and_prevented_it_again/,Who's been through burnout? And prevented it again?,HIGH — local/long-tail thin SERP,1,1,True
burnout Cape Town,7,leneleroux.co.za,local_sa,,https://leneleroux.co.za/services/anxiety-disorders-and-burnout/,Anxiety Disorders and Burnout,HIGH — local/long-tail thin SERP,1,1,True
burnout Cape Town,8,therapists.therapymantra.co,mid,,https://therapists.therapymantra.co/therapist/south-africa/western-cape/cape-town/specialization/stress-management,16 Best Stress / Burnout Therapists/ Psychologists in Cape Town,HIGH — local/long-tail thin SERP,1,1,True
burnout Cape Town,9,www.whiterivermanor.com,mid,,https://www.whiterivermanor.com/news/a-holistic-approach-to-executive-burnout/,A Holistic Approach to Executive Burnout,HIGH — local/long-tail thin SERP,1,1,True
burnout Cape Town,10,www.coachdirectory.co.za,local_sa,,https://www.coachdirectory.co.za/coaches/marjorie-daniel-coach-burnout-strategist/,Marjorie Daniel - Coach and Burn Out Strategist - South Africa,HIGH — local/long-tail thin SERP,1,1,True
burnout Cape Town,11,daynewilliams.co.za,local_sa,,https://daynewilliams.co.za/therapy-for-adults/,Therapy Cape Town for Adults,HIGH — local/long-tail thin SERP,1,1,True
executive stress,2,en.wikipedia.org,strong,wiki,https://en.wikipedia.org/wiki/Executive_Stress,Executive Stress,HIGH — weak SERP (few authorities),1,1,False
executive stress,5,www.imdb.com,mid,,https://www.imdb.com/title/tt0090426/,Executive Stress (TV Series 1986–1988),HIGH — weak SERP (few authorities),1,1,False
executive stress,8,www.primevideo.com,mid,,https://www.primevideo.com/detail/0FWOTW0TRW9G0VUYRUHW1QHW87,Executive Stress - Series 1,HIGH — weak SERP (few authorities),1,1,False
executive stress,9,www.lifeandprogress.co.uk,mid,,https://www.lifeandprogress.co.uk/latest-news/what-is-executive-stress/,"Executive Stress"": Strategies for Managing and Reducing ...",HIGH — weak SERP (few authorities),1,1,False
executive stress,10,link.springer.com,mid,,https://link.springer.com/book/10.1007/978-1-349-03030-9,Understanding Executive Stress | Springer Nature Link,HIGH — weak SERP (few authorities),1,1,False
executive stress,11,www.themoviedb.org,mid,,https://www.themoviedb.org/tv/1108-executive-stress,Executive Stress (TV Series 1986),HIGH — weak SERP (few authorities),1,1,False
executive stress,12,www.brisbanecitypsychologist.com.au,mid,,https://www.brisbanecitypsychologist.com.au/simple-strategies-for-executive-stress/,Simple Strategies for Executive Stress,HIGH — weak SERP (few authorities),1,1,False
executive stress,13,www.tikvahlake.com,mid,,https://www.tikvahlake.com/blog/effects-of-executive-stress/,Executive stress and its effects: Here's what to do about it,HIGH — weak SERP (few authorities),1,1,False
executive stress,14,vistage.com,mid,,https://vistage.com/research-center/personal-development/work-life-balance/20240305-executive-stress/,Executive Stress is Not a Myth: How to Deal With It,HIGH — weak SERP (few authorities),1,1,False
load shedding stress,2,www.ketamind.co.za,local_sa,,https://www.ketamind.co.za/impact-of-load-shedding-on-mental-well-being/,Impact Of Load Shedding On Mental Well-being,HIGH — local/long-tail thin SERP,1,1,True
load shedding stress,4,www.renataschoeman.co.za,local_sa,,https://www.renataschoeman.co.za/blog/xmw9aprey1z6ass5fsf1jmbrmgbbjq,Loadshedding – is your frustration barometer at boiling ...,HIGH — local/long-tail thin SERP,1,1,True
load shedding stress,5,www.facebook.com,mid,social,https://www.facebook.com/GreenpeaceAfrica/posts/load-shedding-is-no-jokefour-in-10-people-reported-feeling-depressed-because-of-/690545959779456/,Load shedding is no joke. Four in 10 people reported ...,HIGH — local/long-tail thin SERP,1,1,True
load shedding stress,6,journals.sagepub.com,mid,,https://journals.sagepub.com/doi/10.1177/00812463241263255,"Loadshedding, safety concerns, and mental health in ...",HIGH — local/long-tail thin SERP,1,1,True
load shedding stress,7,repository.up.ac.za,strong,,https://repository.up.ac.za/items/4124b45a-b590-426f-aaa0-3f1c2502fe10,The effects of load shedding on the emotional well-being of ...,HIGH — local/long-tail thin SERP,1,1,True
load shedding stress,8,www.sadag.org,mid,,https://www.sadag.org/index.php?option=com_content&view=article&id=3282:sadag-s-new-load-shedding-survey-results-sheds-some-light-on-the-impact-on-mental-health-in-south-africa&catid=149&Itemid=601,SADAG's New Load Shedding Survey Results ...,HIGH — local/long-tail thin SERP,1,1,True
load shedding stress,9,drclairelownie.co.za,local_sa,,https://drclairelownie.co.za/load-shedding-how-it-is-making-us-stressed-and-depressed/,LOAD-SHEDDING: HOW IT IS MAKING US STRESSED ...,HIGH — local/long-tail thin SERP,1,1,True
load shedding stress,10,www.researchgate.net,mid,,https://www.researchgate.net/publication/382607307_Loadshedding_safety_concerns_and_mental_health_in_South_Africa,"(PDF) Loadshedding, safety concerns, and mental health ...",HIGH — local/long-tail thin SERP,1,1,True
load shedding stress,11,www.sacap.edu.za,local_sa,,https://www.sacap.edu.za/blog/global/mental-health-effects-of-load-shedding/,The Mental Health Effects Of Load Shedding,HIGH — local/long-tail thin SERP,1,1,True
self mastery for high performers,2,www.brainzmagazine.com,mid,,https://www.brainzmagazine.com/post/the-5-pillars-of-self-mastery-necessary-for-high-performance-leadership,The 5 Pillars Of Self-Mastery Necessary For High- ...,HIGH — weak SERP (few authorities),1,1,True
self mastery for high performers,5,karlgostner.com,mid,,https://karlgostner.com/personal-mastery/,Building Personal Mastery,HIGH — weak SERP (few authorities),1,1,True
self mastery for high performers,6,www.linkedin.com,mid,platform-thin,https://www.linkedin.com/pulse/power-self-mastery-leaders-new-era-jess-stuart,The power of self mastery for leaders in this new era,HIGH — weak SERP (few authorities),1,1,True
self mastery for high performers,7,duncanstevens.com,mid,,https://duncanstevens.com/mastery-of-self-high-performance,Mastery of Self: Why High Performance Starts With You,HIGH — weak SERP (few authorities),1,1,True
self mastery for high performers,8,www.henleysa.ac.za,strong,,https://www.henleysa.ac.za/short-courses/personal-mastery-unlocking-your-leadership-potential,Personal Mastery: Unlocking Your Leadership Potential,HIGH — weak SERP (few authorities),1,1,True
self mastery for high performers,9,www.selfleadership.com,mid,,https://www.selfleadership.com/blog/personal-mastery-definition-importance-learning,"What Is Personal Mastery? Definition, Origin & How ...",HIGH — weak SERP (few authorities),1,1,True
self mastery for high performers,10,sbs-ed.com,mid,,https://sbs-ed.com/improve-your-personal-mastery-in-leadership/,Improve your personal mastery in leadership,HIGH — weak SERP (few authorities),1,1,True
self mastery for high performers,11,medium.com,mid,platform-thin,https://medium.com/@fitzgerald.mujuru/achieving-personal-mastery-10-key-factors-behind-exceptional-performance-1161e460e541,Achieving Personal Mastery: 10 Key Factors Behind ...,HIGH — weak SERP (few authorities),1,1,True
self sabotage,4,www.psychologytoday.com,strong,,https://www.psychologytoday.com/za/basics/self-sabotage,Self-Sabotage,HIGH — weak SERP (few authorities),1,1,True
self sabotage,6,woventraumatherapy.com,mid,,https://woventraumatherapy.com/blog/self-sabotage,Identify and Overcome Self-Sabotage | Trauma Recovery,HIGH — weak SERP (few authorities),1,1,True
self sabotage,7,www.therapynowsf.com,mid,,https://www.therapynowsf.com/blog/overcoming-self-sabotage-strategies-for-personal-growth,Overcoming Self-Sabotage: Strategies for Personal Growth,HIGH — weak SERP (few authorities),1,1,True
self sabotage,8,www.sacap.edu.za,local_sa,,https://www.sacap.edu.za/blog/applied-psychology/what-is-self-sabotage/,What Is Self-Sabotage? - SACAP,HIGH — weak SERP (few authorities),1,1,True
self sabotage,9,www.nuffieldhealth.com,mid,,https://www.nuffieldhealth.com/article/why-do-i-self-sabotage-when-things-are-going-well,Why do I self-sabotage when things are going well?,HIGH — weak SERP (few authorities),1,1,True
self sabotage,10,www.youtube.com,mid,social,https://www.youtube.com/watch?v=RSCo74_xm30,Why You Self-Sabotage (and How to Stop),HIGH — weak SERP (few authorities),1,1,True
self sabotage,11,positivepsychology.com,mid,,https://positivepsychology.com/self-sabotage/,5 Self-Sabotaging Worksheets For Your Clients,HIGH — weak SERP (few authorities),1,1,True
stop being so reactive,2,www.reddit.com,strong,UGC/forum,https://www.reddit.com/r/Mindfulness/comments/ud9t3b/how_to_be_less_reactive_and_have_less_emotional/,How to be less reactive and have less emotional outbursts?,HIGH — weak SERP (few authorities),1,1,True
stop being so reactive,4,therapyinanutshell.com,mid,,https://therapyinanutshell.com/emotionally-reactive/,How to Be Less Emotionally Reactive: Label Your Stories,HIGH — weak SERP (few authorities),1,1,True
stop being so reactive,6,clubmental.com,mid,,https://clubmental.com/emotional-reactivity/?srsltid=AfmBOooZPGz3HzcdRDi-qReNV26r6-FMS4J32lIWKn5BW_229plYKnR4,How Emotional Reactivity Hurts Relationships—and ... - Mental,HIGH — weak SERP (few authorities),1,1,True
stop being so reactive,7,stressandanxietycoach.com,mid,,https://stressandanxietycoach.com/how-to-stop-jumping-to-anger/,6 Steps to stop being reactive and train yourself to stay in ...,HIGH — weak SERP (few authorities),1,1,True
stop being so reactive,8,theawarenesscentre.com,mid,,https://theawarenesscentre.com/how-to-stop-being-so-emotionally-reactive/,How To Stop Being So Emotionally Reactive,HIGH — weak SERP (few authorities),1,1,True
stop being so reactive,9,www.rogerkallen.com,mid,,https://www.rogerkallen.com/how-to-be-less-reactive/,How to Be Less Emotionally Reactive,HIGH — weak SERP (few authorities),1,1,True
stop overreacting,2,www.amazon.co.za,local_sa,,https://www.amazon.co.za/Stop-Overreacting-Effective-Strategies-Emotions/dp/1572247231,Stop Overreacting: Effective Strategies for Calming Your ...,HIGH — weak SERP (few authorities),1,1,False
stop overreacting,5,www.facebook.com,mid,social,https://www.facebook.com/groups/268449486664308/posts/3528141444028413/,book review of stop overreacting,HIGH — weak SERP (few authorities),1,1,False
stop overreacting,6,www.scribd.com,mid,,https://www.scribd.com/document/855667561/Stop-Overreacting-Effective-Strategies-for-Calming-Your-Emotions-FULL-VERSION-DOWNLOAD,Stop Overreacting: Calm Your Emotions | PDF | Feeling,HIGH — weak SERP (few authorities),1,1,False
stop overreacting,7,www.loot.co.za,local_sa,,https://www.loot.co.za/product/stop-overreacting/dfhr-711-g620?srsltid=AfmBOoqFTY4Q8bL6RW3CPX3aaXI_5fAgyZi60BjGBxCg5BAXGn0GUL3J,Stop Overreacting - How to Gain Control of Overwhelming ...,HIGH — weak SERP (few authorities),1,1,False
stop overreacting,8,www.makinwellness.com,mid,,https://www.makinwellness.com/how-to-stop-overreacting/,How To Stop Overreacting And Finally Gain Control Over ...,HIGH — weak SERP (few authorities),1,1,False
stop overreacting,9,www.audible.com,mid,,https://www.audible.com/pd/Stop-Overreacting-Audiobook/B071LTGPHP?srsltid=AfmBOoqJhD6mtKl_2oXbBBS_Mfbf4ux0jg7WI1WbRAXalsh7jyhMAclN,Stop Overreacting Audiobook by Judith Siegel,HIGH — weak SERP (few authorities),1,1,False
stop overreacting,10,www.nyu.edu,strong,,https://www.nyu.edu/about/news-publications/news/2010/july/how-do-you-stop-overreacting-answer-read-the-book.html,How do you 'Stop Overreacting'? (Answer: Read the book),HIGH — weak SERP (few authorities),1,1,False
stop overreacting,11,raja96.medium.com,mid,platform-thin,https://raja96.medium.com/this-book-taught-me-how-to-stop-overreacting-to-everything-e58e7dc0b782,This Book Taught Me How to Stop Overreacting to Everything,HIGH — weak SERP (few authorities),1,1,False
stop overreacting,12,vanwyckconsulting.com,mid,,https://vanwyckconsulting.com/why-am-i-overreacting-and-how-can-i-stop/,"Why am I overreacting, and how can I stop?",HIGH — weak SERP (few authorities),1,1,False
teacher burnout,2,www.educationsupport.org.uk,mid,,https://www.educationsupport.org.uk/resources/for-individuals/articles/teacher-burnout-and-how-to-avoid-it/,Teacher Burnout and How To Avoid It,HIGH — weak SERP (few authorities),2,1,True
teacher burnout,4,www.discoveryeducation.com,mid,,https://www.discoveryeducation.com/blog/educational-leadership/teacher-burnout/,"Teacher Burnout: What It Is, Key Statistics, Symptoms, and ...",HIGH — weak SERP (few authorities),2,1,True
teacher burnout,5,news.nwu.ac.za,strong,,http://news.nwu.ac.za/emotional-welfare-south-african-teachers-crisis-cannot-be-ignored,The emotional welfare of South African teachers: a crisis ...,HIGH — weak SERP (few authorities),2,1,True
teacher burnout,6,pmc.ncbi.nlm.nih.gov,strong,,https://pmc.ncbi.nlm.nih.gov/articles/PMC9518388/,"Stress, Burnout, Anxiety and Depression among Teachers",HIGH — weak SERP (few authorities),2,1,True
teacher burnout,7,www.ebsco.com,mid,,https://www.ebsco.com/research-starters/education/teacher-burnout,Teacher Burnout | Education | Research Starters,HIGH — weak SERP (few authorities),2,1,True
teacher burnout,8,engage-education.com,mid,,https://engage-education.com/blog/teacher-burnout-statistics-symptoms-and-how-to-recover/,"Teacher Burnout: Statistics, Symptoms and How to Recover",HIGH — weak SERP (few authorities),2,1,True
teacher burnout,10,medium.com,mid,platform-thin,https://medium.com/inspired-ideas-prek-12/what-ive-learned-about-teacher-burnout-e7334614562b,What I've Learned About Teacher Burnout | by McGraw Hill,HIGH — weak SERP (few authorities),2,1,True
teacher burnout,11,www.youtube.com,mid,social,https://www.youtube.com/watch?v=ixCWx1OVEIg,Teacher Burnout Is Worse Than Ever… Here's What No One ...,HIGH — weak SERP (few authorities),2,1,True
why am I so tired,3,www.healthline.com,strong,,https://www.healthline.com/nutrition/12-reasons-you-are-tired,12 Reasons for Always Being Tired (and What to Do About It),HIGH — weak SERP (few authorities),2,1,True
why am I so tired,4,www.nhs.uk,mid,,https://www.nhs.uk/symptoms/tiredness-and-fatigue/,Tiredness and fatigue,HIGH — weak SERP (few authorities),2,1,True
why am I so tired,5,www.youtube.com,mid,social,https://www.youtube.com/watch?v=L7m15rK5dhc,Tired All the Time? Your Brain Might Be Trying to Tell You ...,HIGH — weak SERP (few authorities),2,1,True
why am I so tired,6,my.clevelandclinic.org,strong,,https://my.clevelandclinic.org/health/symptoms/21206-fatigue,Fatigue: Causes & Treatment,HIGH — weak SERP (few authorities),2,1,True
why am I so tired,7,healthhub.intercare.co.za,local_sa,,https://healthhub.intercare.co.za/2025/01/07/unpacking-the-causes-of-fatigue/,Why am I so tired? Unpacking the causes of fatigue,HIGH — weak SERP (few authorities),2,1,True
why am I so tired,8,www.goodrx.com,mid,,https://www.goodrx.com/well-being/sleep/why-tired-afternoon-slump?srsltid=AfmBOooB9rZ4OeGS5xg8IfFf59pEt5R2eJhs7KZV6YVFTrdmYY37H9VG,16 Reasons Why You Feel Tired All the Time,HIGH — weak SERP (few authorities),2,1,True
why am I so tired,9,www.bhf.org.uk,mid,,https://www.bhf.org.uk/informationsupport/heart-matters-magazine/medical/why-am-i-always-tired,Why am I always tired?,HIGH — weak SERP (few authorities),2,1,True
why am I so tired,10,pennstatehealthnews.org,mid,,https://pennstatehealthnews.org/2025/03/the-medical-minute-why-am-i-always-so-tired/,The Medical Minute: Why am I always so tired?,HIGH — weak SERP (few authorities),2,1,True
why am I so tired,11,www.youtube.com,mid,social,https://www.youtube.com/watch?v=q0oK_mcpFzI,Fatigue: Why Am I So Tired? And What Can I Do About It?,HIGH — weak SERP (few authorities),2,1,True
work life balance,3,www.betterup.com,strong,,https://www.betterup.com/blog/how-to-have-good-work-life-balance,12 Tips to Achieve a Healthy Work-Life Balance,HIGH — weak SERP (few authorities),2,1,True
work life balance,4,thehappinessindex.com,mid,,https://thehappinessindex.com/blog/importance-work-life-balance/,The Importance of Work-Life Balance,HIGH — weak SERP (few authorities),2,1,True
work life balance,5,www.sacap.edu.za,local_sa,,https://www.sacap.edu.za/blog/applied-psychology/work-life-balance/,Creating A Better Work-Life Balance,HIGH — weak SERP (few authorities),2,1,True
work life balance,6,mhanational.org,mid,,https://mhanational.org/resources/work-life-balance/,Work life balance,HIGH — weak SERP (few authorities),2,1,True
work life balance,7,en.wikipedia.org,strong,wiki,https://en.wikipedia.org/wiki/Work%E2%80%93life_balance,Work–life balance,HIGH — weak SERP (few authorities),2,1,True
work life balance,9,www.platinumhealth.co.za,local_sa,,https://www.platinumhealth.co.za/how-to-achieve-work-life-balance/,How to achieve work-life balance!,HIGH — weak SERP (few authorities),2,1,True
work life balance,10,www.ccohs.ca,mid,,https://www.ccohs.ca/oshanswers/psychosocial/worklife_balance.html,CCOHS: Work-Life Balance,HIGH — weak SERP (few authorities),2,1,True
work life balance,11,www.coursera.org,mid,,https://www.coursera.org/articles/work-life-balance,Work-Life Balance: What It Is and 5 Ways to Improve Yours,HIGH — weak SERP (few authorities),2,1,True
work life balance,12,dictionary.cambridge.org,mid,dictionary,https://dictionary.cambridge.org/dictionary/english/work-life-balance,Meaning of work-life balance in English - Cambridge Dictionary,HIGH — weak SERP (few authorities),2,1,True
burnout Johannesburg,2,www.oxfordhealthcareretreat.co.za,local_sa,,https://www.oxfordhealthcareretreat.co.za/burnout-is-real/,Burnout is real! Oxford Healthcare Retreat in Jo'burg can ...,HIGH — local/long-tail thin SERP,0,0,True
burnout Johannesburg,4,recovery.com,mid,,https://recovery.com/south-africa/burnout/,26 Best South Africa Burnout Rehabs (With Pricing),HIGH — local/long-tail thin SERP,0,0,True
burnout Johannesburg,5,zwavelstreamclinic.co.za,local_sa,,https://zwavelstreamclinic.co.za/burnout-is-real/,Burnout is Real | ZwavelStream.co.za,HIGH — local/long-tail thin SERP,0,0,True
burnout Johannesburg,6,vivariaesthetics.co.za,local_sa,,https://vivariaesthetics.co.za/wellness-program/burnout-recovery-program/,Burnout Recovery Retreat South Africa,HIGH — local/long-tail thin SERP,0,0,True
burnout Johannesburg,7,www.whiterivermanor.com,mid,,https://www.whiterivermanor.com/executive-burnout-treatment/,Executive Burnout Treatment South Africa,HIGH — local/long-tail thin SERP,0,0,True
burnout Johannesburg,8,www.beethovenrecovery.co.za,local_sa,,https://www.beethovenrecovery.co.za/dealing-with-potential-mental-burnout-by-seeking-professional-psychiatric-care-at-a-mental-health-clinic/,Dealing with Potential Mental Burnout by Seeking ...,HIGH — local/long-tail thin SERP,0,0,True
burnout Johannesburg,9,www.quicket.co.za,local_sa,,https://www.quicket.co.za/events/380908-burnout-to-brilliance-johannesburg/,Book tickets for Burnout to Brilliance - Johannesburg,HIGH — local/long-tail thin SERP,0,0,True
burnout Johannesburg,10,www.recoverydirect.co.za,local_sa,,https://www.recoverydirect.co.za/mental-health/chronic-stress/,Burnout Rehab Johannesburg Building Resilience to Chronic ...,HIGH — local/long-tail thin SERP,0,0,True
burnout Johannesburg,11,www.sadag.org,mid,PDF,https://www.sadag.org/images/pdf/burnt_out.pdf,Burnout,HIGH — local/long-tail thin SERP,0,0,True
burnout recovery South Africa,2,recovery.com,mid,,https://recovery.com/south-africa/burnout/,26 Best South Africa Burnout Rehabs (With Pricing),HIGH — local/long-tail thin SERP,0,0,True
burnout recovery South Africa,4,www.whiterivermanor.com,mid,,https://www.whiterivermanor.com/executive-burnout-treatment/,Executive Burnout Treatment South Africa,HIGH — local/long-tail thin SERP,0,0,True
burnout recovery South Africa,5,www.oxfordhealthcareretreat.co.za,local_sa,,https://www.oxfordhealthcareretreat.co.za/burnout-is-real/,Burnout is real! Oxford Healthcare Retreat in Jo'burg can ...,HIGH — local/long-tail thin SERP,0,0,True
burnout recovery South Africa,6,vivariaesthetics.co.za,local_sa,,https://vivariaesthetics.co.za/wellness-program/burnout-recovery-program/,Burnout Recovery Retreat South Africa,HIGH — local/long-tail thin SERP,0,0,True
burnout recovery South Africa,10,www.recoverydirect.co.za,local_sa,,https://www.recoverydirect.co.za/mental-health/chronic-stress/,Burnout Rehab Johannesburg Building Resilience to Chronic ...,HIGH — local/long-tail thin SERP,0,0,True
burnout recovery South Africa,11,www.capetownrehab.co.za,local_sa,,https://www.capetownrehab.co.za/,Top Cape Town Rehab Centres : Rehab Cape Town South ...,HIGH — local/long-tail thin SERP,0,0,True
burnout recovery South Africa,12,healingandlifetransformation.com,mid,,https://healingandlifetransformation.com/burnout-recovery-program-cape-town/,Burnout Recovery Program Cape Town,HIGH — local/long-tail thin SERP,0,0,True
burnout recovery South Africa,13,bookretreats.com,mid,,https://bookretreats.com/s/wellness-retreats/mental-health-retreats/south-africa,Mental Health Retreats in South Africa,HIGH — local/long-tail thin SERP,0,0,True
burnout recovery South Africa,14,zwavelstreamclinic.co.za,local_sa,,https://zwavelstreamclinic.co.za/burnout-is-real/,Burnout is Real | ZwavelStream.co.za,HIGH — local/long-tail thin SERP,0,0,True
executive burnout Johannesburg,2,www.whiterivermanor.com,mid,,https://www.whiterivermanor.com/executive-burnout-treatment/,Executive Burnout Treatment South Africa,HIGH — local/long-tail thin SERP,0,0,True
executive burnout Johannesburg,3,recovery.com,mid,,https://recovery.com/south-africa/burnout/,26 Best South Africa Burnout Rehabs (With Pricing),HIGH — local/long-tail thin SERP,0,0,True
executive burnout Johannesburg,4,myheadspace.co.za,local_sa,,https://myheadspace.co.za/2026/07/20/executive-burnout-therapy-in-benoni/,Executive Burnout Therapy in Benoni - MyHeadSpace,HIGH — local/long-tail thin SERP,0,0,True
executive burnout Johannesburg,5,www.oxfordhealthcareretreat.co.za,local_sa,,https://www.oxfordhealthcareretreat.co.za/burnout-is-real/,Burnout is real! Oxford Healthcare Retreat in Jo'burg can ...,HIGH — local/long-tail thin SERP,0,0,True
executive burnout Johannesburg,6,renewedlifecenter.co.za,local_sa,,https://renewedlifecenter.co.za/executive-burnout-wellness-in-cape-town/,Executive Burnout & Wellness in Cape Town,HIGH — local/long-tail thin SERP,0,0,True
executive burnout Johannesburg,8,www.whiterivermanor.com,mid,,https://www.whiterivermanor.com/news/executive-burnout-the-road-to-recovery/,Executive Burnout: the Road to Recovery,HIGH — local/long-tail thin SERP,0,0,True
executive burnout Johannesburg,9,www.coachdirectory.co.za,local_sa,,https://www.coachdirectory.co.za/coaches/marjorie-daniel-coach-burnout-strategist/,Marjorie Daniel - Coach and Burn Out Strategist - South Africa,HIGH — local/long-tail thin SERP,0,0,True
executive burnout Johannesburg,10,www.recoverydirect.co.za,local_sa,,https://www.recoverydirect.co.za/mental-health/chronic-stress/,Burnout Rehab Johannesburg Building Resilience to Chronic ...,HIGH — local/long-tail thin SERP,0,0,True
executive burnout Johannesburg,11,www.facebook.com,mid,social,https://www.facebook.com/LyraSouthernAfrica/photos/executive-burnout-is-never-an-isolated-event-when-leaders-run-on-empty-the-entir/1632972035234084/,Lyra - Executive burnout is never an isolated ...,HIGH — local/long-tail thin SERP,0,0,True
executive burnout recovery,2,thebalance.clinic,mid,,https://thebalance.clinic/resources/mental-health/burnout/leadership-burnout/,"Leadership Burnout: Signs, Causes, and Recovery Options",HIGH — weak SERP (few authorities),0,0,True
executive burnout recovery,4,www.whiterivermanor.com,mid,,https://www.whiterivermanor.com/news/a-holistic-approach-to-executive-burnout/,A Holistic Approach to Executive Burnout,HIGH — weak SERP (few authorities),0,0,True
executive burnout recovery,5,advancedbusinessabilities.com,mid,,https://advancedbusinessabilities.com/beyond-burnout-tools-for-executive-recovery-and-resilience/,Recover from Burnout: Executive Resilience Tools,HIGH — weak SERP (few authorities),0,0,True
executive burnout recovery,6,tranquilowellness.com.au,mid,,https://tranquilowellness.com.au/blog/overcoming-executive-burnout/,Overcoming Executive Burnout Before It Impacts Your Life,HIGH — weak SERP (few authorities),0,0,True
executive burnout recovery,7,appreciationatwork.com,mid,,https://appreciationatwork.com/blog/signs-you-are-burnt-out-at-work/,Executive Burnout: 7 Critical Signs and Strategies for ...,HIGH — weak SERP (few authorities),0,0,True
executive burnout recovery,8,www.shrm.org,mid,,https://www.shrm.org/executive-network/insights/guide-to-understanding-preventing-burnout-executive,A Guide to Understanding & Preventing Burnout as an ...,HIGH — weak SERP (few authorities),0,0,True
executive burnout recovery,9,www.boristhecoach.com,mid,,https://www.boristhecoach.com/executive-burnout-recovery-prevention/,Executive Burnout Recovery: Strategies That Actually Work,HIGH — weak SERP (few authorities),0,0,True
executive burnout recovery,10,step1recovery.com,mid,,https://step1recovery.com/treatments-therapies/executive-burnout-recovery/,Executive Burnout Recovery Programme,HIGH — weak SERP (few authorities),0,0,True
executive burnout recovery,11,kusnachtpractice.com,mid,,https://kusnachtpractice.com/articles/executive-burnout-effects-symptoms-and-treatment/,"Executive burnout - Causes, First symptoms and treatments",HIGH — weak SERP (few authorities),0,0,True
life coaching South Africa,5,www.sacap.edu.za,local_sa,,https://www.sacap.edu.za/blog/management-leadership/life-coach/,The 5 Steps To Becoming A Life Coach In South Africa,HIGH — local/long-tail thin SERP,0,0,False
life coaching South Africa,6,www.life-coach-training-sa.com,mid,,https://www.life-coach-training-sa.com/,Life Coach Training and Certification in South Africa and Africa,HIGH — local/long-tail thin SERP,0,0,False
life coaching South Africa,7,comensa.org.za,local_sa,,https://comensa.org.za/training-provider-programme-cards/,Coaches and Mentors of South Africa,HIGH — local/long-tail thin SERP,0,0,False
life coaching South Africa,8,aoy.co.za,local_sa,,https://aoy.co.za/10-things-you-need-to-know-before-studying-life-coaching-in-south-africa/,"10 things you need to know, before studying Life Coaching ...",HIGH — local/long-tail thin SERP,0,0,False
life coaching South Africa,9,www.superprof.co.za,local_sa,,https://www.superprof.co.za/lessons/life-coaching/south-africa/,Life coaching courses in South Africa - From R150/h,HIGH — local/long-tail thin SERP,0,0,False
life coaching South Africa,10,www.noomii.com,mid,,https://www.noomii.com/life-coach-south_africa,Life Coach South Africa,HIGH — local/long-tail thin SERP,0,0,False
life coaching South Africa,11,life-coach-academy.com,mid,,https://life-coach-academy.com/life-coach-training-and-certification-in-sa/,Accredited Life Coach Training Certification in South Africa,HIGH — local/long-tail thin SERP,0,0,False
life coaching South Africa,12,www.sacap.edu.za,local_sa,,https://www.sacap.edu.za/course/coach-practitioner-programme/,Coach Practitioner Programme | Study Online,HIGH — local/long-tail thin SERP,0,0,False
life coaching South Africa,13,schooloflife.co.za,local_sa,,https://schooloflife.co.za/,Accredited Life coach courses with School of Life coach ...,HIGH — local/long-tail thin SERP,0,0,False
burnout Durban,2,www.sacap.edu.za,local_sa,,https://www.sacap.edu.za/blog/applied-psychology/burnout-symptoms/,Are You Suffering From Burnout?,HIGH — local/long-tail thin SERP,1,0,True
burnout Durban,4,bookretreats.com,mid,,https://bookretreats.com/s/wellness-retreats/mental-health-retreats/durban,THE 10 BEST Mental Health Retreats in Durban for 2026/ ...,HIGH — local/long-tail thin SERP,1,0,True
burnout Durban,5,therapists.therapymantra.co,mid,,https://therapists.therapymantra.co/therapist/south-africa/kwazulu-natal/durban/specialization/stress-management,Best Stress / Burnout Therapists/ Psychologists in Durban,HIGH — local/long-tail thin SERP,1,0,True
burnout Durban,6,111dr.co.za,local_sa,,https://111dr.co.za/anxiety-stress-and-burnout/,"Anxiety, Stress and Burnout",HIGH — local/long-tail thin SERP,1,0,True
burnout Durban,7,clicks.co.za,local_sa,,https://clicks.co.za/health/article-view/getting-support-before-burnout-or-crisis-what-early-help-looks-like?srsltid=AfmBOopooHIgRh1igdd1TCRtf9AXGg-UCgRRjsgvI5SjQZ_tAWZQnXVz,Getting support before burnout or crisis – what early help ...,HIGH — local/long-tail thin SERP,1,0,True
burnout Durban,8,www.psychologytoday.com,strong,,https://www.psychologytoday.com/za/basics/burnout,Burnout | Psychology Today South Africa,HIGH — local/long-tail thin SERP,1,0,True
burnout Durban,9,www.humanitas.co.za,local_sa,,https://www.humanitas.co.za/the-effects-of-burnout-on-mental-health/,The Effects of Burnout on Mental Health,HIGH — local/long-tail thin SERP,1,0,True
burnout Durban,10,zwavelstreamclinic.co.za,local_sa,,https://zwavelstreamclinic.co.za/burnout-is-real/,Burnout is Real | ZwavelStream.co.za,HIGH — local/long-tail thin SERP,1,0,True
burnout Durban,11,www.medihelp.co.za,local_sa,,https://www.medihelp.co.za/showcase/blog/burnout2,Blog - Recognising burnout before you reach breaking point,HIGH — local/long-tail thin SERP,1,0,True
running on empty,2,en.wikipedia.org,strong,wiki,https://en.wikipedia.org/wiki/Running_on_Empty_(song),Running on Empty (song),MEDIUM — beatable with strong content,3,4,False
running on empty,3,www.imdb.com,mid,,https://www.imdb.com/title/tt0096018/,Running on Empty (1988),MEDIUM — beatable with strong content,3,4,False
running on empty,5,open.spotify.com,mid,,https://open.spotify.com/track/6aqm56xP40foYBBtAWWrnY,Running on Empty - song and lyrics by Jackson Browne,MEDIUM — beatable with strong content,3,4,False
running on empty,6,www.youtube.com,mid,social,https://www.youtube.com/watch?v=zdHg4QEmBvk,"Jackson Browne Performs ""Running On Empty"" Live | Rock ...",MEDIUM — beatable with strong content,3,4,False
running on empty,7,genius.com,mid,,https://genius.com/Jackson-browne-running-on-empty-lyrics,Jackson Browne – Running on Empty Lyrics,MEDIUM — beatable with strong content,3,4,False
running on empty,8,www.rhino.com,mid,,https://www.rhino.com/product/running-on-empty,Running on Empty Jackson Browne - Rhino,MEDIUM — beatable with strong content,3,4,False
running on empty,9,www.reddit.com,strong,UGC/forum,https://www.reddit.com/r/Music/comments/1la6sh8/jackson_browne_running_on_empty_rock_1979_live/,Jackson Browne - Running On Empty [Rock] (1979) Live : r ...,MEDIUM — beatable with strong content,3,4,False
running on empty,10,en.wikipedia.org,strong,wiki,https://en.wikipedia.org/wiki/Running_on_Empty_(1988_film),Running on Empty (1988 film),MEDIUM — beatable with strong content,3,4,False
running on empty,11,www.jacksonbrowne.com,mid,,https://www.jacksonbrowne.com/discography/running-on-empty/,Running On Empty,MEDIUM — beatable with strong content,3,4,False
fear of success,3,www.verywellmind.com,strong,,https://www.verywellmind.com/what-is-the-fear-of-success-5179184,What Is the Fear of Success?,MEDIUM — beatable with strong content,4,3,True
fear of success,4,nickwignall.com,mid,,https://nickwignall.com/fear-of-success/,Fear of Success: How It Works and What to Do About It,MEDIUM — beatable with strong content,4,3,True
fear of success,5,en.wikipedia.org,strong,wiki,https://en.wikipedia.org/wiki/Jonah_complex,Jonah complex,MEDIUM — beatable with strong content,4,3,True
fear of success,6,www.reddit.com,strong,UGC/forum,https://www.reddit.com/r/getdisciplined/comments/1gyuxp1/people_who_successfully_overcame_the_fear_of/,People who successfully overcame the fear of ...,MEDIUM — beatable with strong content,4,3,True
fear of success,7,bravingboundaries.com,mid,,https://bravingboundaries.com/the-fear-of-success-why-are-you-afraid-of-being-the-best-you/,The Fear of Success – why are you afraid of being the best ...,MEDIUM — beatable with strong content,4,3,True
fear of success,8,www.youtube.com,mid,social,https://www.youtube.com/watch?v=7Vo7lqyLJp0,The Psychology Behind Fear of Success (Explained by a ...,MEDIUM — beatable with strong content,4,3,True
fear of success,9,www.reachlink.com,mid,,https://www.reachlink.com/advice/motivation/fear-of-success/,Fear of Success: Why You Self-Sabotage at the Finish Line,MEDIUM — beatable with strong content,4,3,True
fear of success,10,www.psychologytoday.com,strong,,https://www.psychologytoday.com/za/blog/anxiety-in-high-achievers/202105/the-fear-success-can-sabotage-your-life-goals,The Fear of Success Can Sabotage Your Life Goals,MEDIUM — beatable with strong content,4,3,True
fear of success,11,kellyleereeves.medium.com,mid,platform-thin,https://kellyleereeves.medium.com/fear-of-success-is-real-heres-what-you-can-do-about-it-0aed972fe2fc,Fear Of Success Is Real. Here's What You Can Do About It,MEDIUM — beatable with strong content,4,3,True
Dianetics book,2,en.wikipedia.org,strong,wiki,https://en.wikipedia.org/wiki/Dianetics:_The_Modern_Science_of_Mental_Health,Dianetics: The Modern Science of Mental Health,MEDIUM — beatable with strong content,3,2,False
Dianetics book,4,www.amazon.co.za,local_sa,,https://www.amazon.co.za/Dianetics-Modern-Science-Mental-Health/dp/140314446X,Dianetics: The Modern Science of Mental Health,MEDIUM — beatable with strong content,3,2,False
Dianetics book,5,www.goodreads.com,mid,,https://www.goodreads.com/en/book/show/58412013-dianetics,Dianetics: The Modern Science of Mental Health,MEDIUM — beatable with strong content,3,2,False
Dianetics book,7,www.reddit.com,strong,UGC/forum,https://www.reddit.com/r/booksuggestions/comments/1cbojz9/what_do_you_think_about_this_book_dianetics_the/,What do you think about this book? (Dianetics,MEDIUM — beatable with strong content,3,2,False
Dianetics book,8,weekly.blog.gustavus.edu,strong,,https://weekly.blog.gustavus.edu/2024/04/04/book-review-dianetics-the-new-science-of-mental-health/,Book Review: Dianetics: the New Science of Mental Health,MEDIUM — beatable with strong content,3,2,False
Dianetics book,9,www.dianetics.org,mid,,https://www.dianetics.org/,"Official Dianetics Site: Buy Hard Cover, Paperback and Audio ...",MEDIUM — beatable with strong content,3,2,False
Dianetics book,10,booklovers.co.za,local_sa,,https://booklovers.co.za/product/dianetics/?srsltid=AfmBOoo6DI9dicLmK4-I4lLeQ8Ak2I_0I_Jzz-AtnJIpDjXhfoT-DD8L,DIANETICS - Book Store,MEDIUM — beatable with strong content,3,2,False
Dianetics book,11,www.scientology.org.za,local_sa,,https://www.scientology.org.za/what-is-dianetics/basic-principles-of-scientology/dianetics-understanding-the-mind.html,"Dianetics: Symbol, Origins and the Science of the Mind",MEDIUM — beatable with strong content,3,2,False
Dianetics book,12,www.audible.com,mid,,https://www.audible.com/pd/Dianetics-The-Modern-Science-of-Mental-Health-Audiobook/B002V08AJA?srsltid=AfmBOoo_kFpfBZQ6Y0RXNh5CxrDGzqQRcvqo0gl1gt1HTlDoWj1Efzbs,Dianetics: The Modern Science of Mental Health,MEDIUM — beatable with strong content,3,2,False
emotional flatness,2,www.healthline.com,strong,,https://www.healthline.com/health/mental-health/emotional-blunting,"Emotional Blunting: Causes, Symptoms, Treatment",MEDIUM — beatable with strong content,3,2,True
emotional flatness,4,en.wikipedia.org,strong,wiki,https://en.wikipedia.org/wiki/Reduced_affect_display,Reduced affect display,MEDIUM — beatable with strong content,3,2,True
emotional flatness,6,aopsychology.com,mid,,https://aopsychology.com/blogs/emotional-flatness-psychology/,Emotional Flatness: Struggling to Feel or Reconnect ...,MEDIUM — beatable with strong content,3,2,True
emotional flatness,7,share.upmc.com,mid,,https://share.upmc.com/2022/06/emotional-blunting/,What Is Emotional Blunting? Symptoms and Treatment,MEDIUM — beatable with strong content,3,2,True
emotional flatness,8,pmc.ncbi.nlm.nih.gov,strong,,https://pmc.ncbi.nlm.nih.gov/articles/PMC8981644/,Emotional blunting in patients with depression. Part I - PMC,MEDIUM — beatable with strong content,3,2,True
emotional flatness,9,www.youtube.com,mid,social,https://www.youtube.com/watch?v=gHsKOSvAyLo,How to Process Emotional Numbness and Dissociation,MEDIUM — beatable with strong content,3,2,True
emotional flatness,10,sereniumwellness.com,mid,,https://sereniumwellness.com/10-practical-steps-to-end-emotional-numbness-today/,10 Practical Steps to End Emotional Numbness Today,MEDIUM — beatable with strong content,3,2,True
emotional flatness,11,www.unitypoint.org,mid,,https://www.unitypoint.org/news-and-articles/a-therapist-explains-why-we-shut-down-when-flooded-with-big-emotions,A Therapist Explains Why We Shut Down When Flooded ...,MEDIUM — beatable with strong content,3,2,True
people pleasing,2,www.psychologytoday.com,strong,,https://www.psychologytoday.com/za/basics/people-pleasing,People-Pleasing,MEDIUM — beatable with strong content,3,2,True
people pleasing,4,www.reddit.com,strong,UGC/forum,https://www.reddit.com/r/socialskills/comments/1e88y2m/what_exactly_is_people_pleasing_how_do_you_stop_it/,what exactly is people pleasing? how do you stop it?,MEDIUM — beatable with strong content,3,2,True
people pleasing,5,www.oprah.com,mid,,https://www.oprah.com/omagazine/how-to-stop-being-a-people-pleaser,How to Stop Being a People Pleaser,MEDIUM — beatable with strong content,3,2,True
people pleasing,6,medium.com,mid,platform-thin,https://medium.com/clear-yo-mind/the-psychology-of-people-pleasing-cf9ae3299a15,The Psychology of People-Pleasing | by Raluca Barna,MEDIUM — beatable with strong content,3,2,True
people pleasing,8,somawichita.com,mid,,https://somawichita.com/people-pleasing-what-does-it-mean/,Do You Struggle With People Pleasing?,MEDIUM — beatable with strong content,3,2,True
people pleasing,9,www.verywellmind.com,strong,,https://www.verywellmind.com/how-to-stop-being-a-people-pleaser-5184412,8 Ways to Stop Being a People-Pleaser,MEDIUM — beatable with strong content,3,2,True
people pleasing,11,psychcentral.com,mid,,https://psychcentral.com/health/the-need-to-please-the-psychology-of-people-pleasing,Psychology of People Pleasers,MEDIUM — beatable with strong content,3,2,True
blocked potential,2,learn.microsoft.com,mid,,https://learn.microsoft.com/en-us/microsoft-forms/review-unblock-forms-users-detected-blocked-potential-phishing,Review and unblock forms or users detected and blocked ...,MEDIUM — beatable with strong content,4,2,True
blocked potential,4,www.facebook.com,mid,social,https://www.facebook.com/HomeAffairsZA/posts/nationwide-blocked-id-campaign-if-your-identity-numberdocumentcard-is-currently-/1437375531760020/,Nationwide Blocked ID Campaign: If your identity number/ ...,MEDIUM — beatable with strong content,4,2,True
blocked potential,5,pubmed.ncbi.nlm.nih.gov,strong,,https://pubmed.ncbi.nlm.nih.gov/10966055/,Different effects of blocked potassium channels on action ...,MEDIUM — beatable with strong content,4,2,True
blocked potential,6,www.westerncape.gov.za,strong,,https://www.westerncape.gov.za/education/article/over-8-000-learner-places-being-blocked-parents-who-have-not-confirmed-placement,Over 8 000 learner places being blocked by parents who ...,MEDIUM — beatable with strong content,4,2,True
blocked potential,7,sellercentral.amazon.co.za,local_sa,,https://sellercentral.amazon.co.za/help/hub/reference/external/G201141430?locale=en-GB,Listing blocked due to potential pricing error,MEDIUM — beatable with strong content,4,2,True
blocked potential,8,www.cherylroose.com,mid,,https://www.cherylroose.com/5-mindsets-that-block-potential,5 Mindsets That Block Potential,MEDIUM — beatable with strong content,4,2,True
blocked potential,9,www.reddit.com,strong,UGC/forum,https://www.reddit.com/r/selfimprovement/comments/4ci36r/something_inside_me_is_blocking_me_from_achieving/,Something inside me is blocking me from achieving my ...,MEDIUM — beatable with strong content,4,2,True
blocked potential,10,consumer.ftc.gov,strong,,https://consumer.ftc.gov/articles/how-block-unwanted-calls,How To Block Unwanted Calls,MEDIUM — beatable with strong content,4,2,True
blocked potential,11,support.zoom.com,mid,,https://support.zoom.com/hc/en/article?id=zm_kb&sysparm_article=KB0062095,Frequently asked questions about outbound calls blocked ...,MEDIUM — beatable with strong content,4,2,True
emotional detachment,3,en.wikipedia.org,strong,wiki,https://en.wikipedia.org/wiki/Emotional_detachment,Emotional detachment,MEDIUM — beatable with strong content,4,2,True
emotional detachment,4,www.healthline.com,strong,,https://www.healthline.com/health/mental-health/emotional-detachment,Emotional Detachment: What It Is and How to Overcome It,MEDIUM — beatable with strong content,4,2,True
emotional detachment,5,www.verywellmind.com,strong,,https://www.verywellmind.com/what-is-emotional-detachment-5121166,How to Identify Emotional Detachment,MEDIUM — beatable with strong content,4,2,True
emotional detachment,7,empathi.com,mid,,https://empathi.com/blog/emotional-detachment/,Emotional Detachment: What It Feels Like From the Inside ...,MEDIUM — beatable with strong content,4,2,True
emotional detachment,8,www.psychiatrypodcast.com,mid,,https://www.psychiatrypodcast.com/psychiatry-psychotherapy-podcast/dealing-with-emotional-detachment,Episode 021: How to Fix Emotional Detachment,MEDIUM — beatable with strong content,4,2,True
emotional detachment,9,www.medicalnewstoday.com,strong,,https://www.medicalnewstoday.com/articles/emotional-detachment,"Emotional detachment: Symptoms, causes, and treatment",MEDIUM — beatable with strong content,4,2,True
emotional detachment,10,www.youtube.com,mid,social,https://www.youtube.com/watch?v=OC79FwYF0nc,How to Master Emotional Detachment and Stop Overthinking,MEDIUM — beatable with strong content,4,2,True
emotional detachment,11,midsonshort.com,mid,,https://midsonshort.com/subtle-art-of-detachment/,The Subtle Art of Detachment,MEDIUM — beatable with strong content,4,2,True
fear of failure,2,my.clevelandclinic.org,strong,,https://my.clevelandclinic.org/health/diseases/22555-atychiphobia-fear-of-failure,Fear of Failure (Atychiphobia): Causes & Treatment,MEDIUM — beatable with strong content,4,2,True
fear of failure,4,www.sacap.edu.za,local_sa,,https://www.sacap.edu.za/blog/applied-psychology/the-psychology-of-failure/,The Fear Of Failure: Understanding The Psychology Behind It,MEDIUM — beatable with strong content,4,2,True
fear of failure,5,www.reddit.com,strong,UGC/forum,https://www.reddit.com/r/productivity/comments/14vn5nc/fear_of_failure_is_destroying_my_life/,Fear of failure is destroying my life : r/productivity,MEDIUM — beatable with strong content,4,2,True
fear of failure,6,ipractice.com,mid,,https://ipractice.com/symptoms/anxiety-disorder/fear-of-failure/,What is fear of failure? What can I do about it? - iPractice,MEDIUM — beatable with strong content,4,2,True
fear of failure,8,www.youtube.com,mid,social,https://www.youtube.com/watch?v=BJ2NvjS7Aio,Give me 7 minutes and I'll DELETE your fear of failure,MEDIUM — beatable with strong content,4,2,True
fear of failure,9,nickwignall.com,mid,,https://nickwignall.com/how-to-overcome-fear-of-failure/,How to Overcome Fear of Failure,MEDIUM — beatable with strong content,4,2,True
fear of failure,10,www.psychologytoday.com,strong,,https://www.psychologytoday.com/us/blog/the-squeaky-wheel/201306/10-signs-that-you-might-have-fear-of-failure,10 Signs That You Might Have Fear of Failure,MEDIUM — beatable with strong content,4,2,True
fear of failure,11,www.betterup.com,strong,,https://www.betterup.com/blog/how-to-overcome-fear-of-failure,10 Steps To Overcome Fear Of Failure,MEDIUM — beatable with strong content,4,2,True
purpose in life,3,markmanson.net,mid,,https://markmanson.net/life-purpose,7 Strange Questions That Help You Find Your Life Purpose,MEDIUM — beatable with strong content,4,2,True
purpose in life,4,www.reddit.com,strong,UGC/forum,https://www.reddit.com/r/simpleliving/comments/8mt1fk/what_is_your_purpose_in_life/,What is your purpose in life? : r/simpleliving,MEDIUM — beatable with strong content,4,2,True
purpose in life,5,www.youtube.com,mid,social,https://www.youtube.com/watch?v=aNAZZVVLzAA,Find Your Life's Purpose By Doing This ONE Thing,MEDIUM — beatable with strong content,4,2,True
purpose in life,6,greatergood.berkeley.edu,strong,,https://greatergood.berkeley.edu/article/item/seven_ways_to_find_your_purpose_in_life,Seven Ways to Find Your Purpose in Life,MEDIUM — beatable with strong content,4,2,True
purpose in life,7,www.sacap.edu.za,local_sa,,https://www.sacap.edu.za/blog/management-leadership/finding-purpose-life/,Finding Your Purpose In Life,MEDIUM — beatable with strong content,4,2,True
purpose in life,9,www.betterup.com,strong,,https://www.betterup.com/blog/finding-purpose,How to find purpose in life and start living with intention,MEDIUM — beatable with strong content,4,2,True
purpose in life,10,www.rogerkallen.com,mid,,https://www.rogerkallen.com/defining-your-purpose/,What Is My Purpose? Defining Your Life's Direction,MEDIUM — beatable with strong content,4,2,True
purpose in life,11,www.psychologytoday.com,strong,,https://www.psychologytoday.com/za/blog/our-devices-our-selves/202501/do-we-really-need-a-purpose-in-life,Do We Really Need a Purpose in Life?,MEDIUM — beatable with strong content,4,2,True
perfectionism,3,pmc.ncbi.nlm.nih.gov,strong,,https://pmc.ncbi.nlm.nih.gov/articles/PMC4562912/,Your Best Life: Perfectionism—The Bane of Happiness - PMC,MEDIUM,5,2,True
perfectionism,5,www.psychologytoday.com,strong,,https://www.psychologytoday.com/za/basics/perfectionism,Perfectionism | Psychology Today South Africa,MEDIUM,5,2,True
perfectionism,6,en.wikipedia.org,strong,wiki,https://en.wikipedia.org/wiki/Perfectionism_(psychology),Perfectionism (psychology),MEDIUM,5,2,True
perfectionism,7,stressandresilience.com,mid,,https://stressandresilience.com/5-styles-of-perfectionism/,5 Styles of Perfectionism,MEDIUM,5,2,True
perfectionism,8,www.youngminds.org.uk,mid,,https://www.youngminds.org.uk/young-person/blog/reflections-on-perfectionism-breaking-the-cycle-and-regaining-control/,Perfectionism: Breaking the Cycle and Regaining Control,MEDIUM,5,2,True
perfectionism,9,www.reddit.com,strong,UGC/forum,https://www.reddit.com/r/perfectionism/,r/perfectionism,MEDIUM,5,2,True
perfectionism,10,zenfounder.com,mid,,https://zenfounder.com/articles/posts/perfectionism-the-good-bad-and-the-ugly-Xyclf,"Perfectionism: The Good, Bad, and the Ugly",MEDIUM,5,2,True
perfectionism,11,markmanson.net,mid,,https://markmanson.net/perfectionism,How to Get Over Perfectionism,MEDIUM,5,2,True
perfectionism,12,www.verywellmind.com,strong,,https://www.verywellmind.com/signs-you-may-be-a-perfectionist-3145233,Perfectionism: 10 Signs of Perfectionist Traits,MEDIUM,5,2,True
feeling empty,2,www.sadag.org,mid,,https://www.sadag.org/index.php?option=com_content&view=article&id=11&Itemid=114,Contact SADAG,MEDIUM — beatable with strong content,3,1,True
feeling empty,4,therapygroupdc.com,mid,,https://therapygroupdc.com/therapist-dc-blog/why-do-i-feel-empty/,Why Do I Feel Empty Inside? A Therapist Explains,MEDIUM — beatable with strong content,3,1,True
feeling empty,5,www.psychologytoday.com,strong,,https://www.psychologytoday.com/za/blog/childhood-emotional-neglect/202302/feeling-empty-7-signs-youre-unconnected-with-your-emotions,Feeling Empty? 7 Signs You're Disconnected From Your ...,MEDIUM — beatable with strong content,3,1,True
feeling empty,6,www.verywellmind.com,strong,,https://www.verywellmind.com/i-feel-empty-5195295,What to Do If You Feel Empty Inside,MEDIUM — beatable with strong content,3,1,True
feeling empty,7,eggshelltherapy.com,mid,,https://eggshelltherapy.com/feeling-empty/,Why Do I Feel Empty and Numb? 10 Sign You Feel Nothing,MEDIUM — beatable with strong content,3,1,True
feeling empty,8,www.meetradial.com,mid,,https://www.meetradial.com/blog/why-do-i-feel-empty,Why Do I Feel Empty? Understanding the Causes and ...,MEDIUM — beatable with strong content,3,1,True
feeling empty,9,www.reddit.com,strong,UGC/forum,https://www.reddit.com/r/Existentialism/comments/15jvynj/how_do_i_stop_feeling_empty/,How do I stop feeling empty? : r/Existentialism,MEDIUM — beatable with strong content,3,1,True
feeling empty,10,www.rockethealth.app,mid,,https://www.rockethealth.app/blog/feeling-empty-what-does-it-mean/,Feeling Empty: What does it mean?,MEDIUM — beatable with strong content,3,1,True
feeling empty,11,www.youtube.com,mid,social,https://www.youtube.com/watch?v=PzxEnCv4saE,This Is Why You Feel Empty Inside — And How to Break Free,MEDIUM — beatable with strong content,3,1,True
how to quiet the mind,3,www.reddit.com,strong,UGC/forum,https://www.reddit.com/r/mentalhealth/comments/1g4t43f/how_do_you_quiet_your_mind/,How do you quiet your mind? : r/mentalhealth,MEDIUM — beatable with strong content,3,1,True
how to quiet the mind,4,www.webmd.com,strong,,https://www.webmd.com/balance/ss/slideshow-how-to-quiet-mind,14 Ways to Quiet Your Mind Explained,MEDIUM — beatable with strong content,3,1,True
how to quiet the mind,6,info.thecrossingchurch.com,mid,,https://info.thecrossingchurch.com/blog/meditation-101-a-simple-solution-to-quiet-your-mind,Meditation 101: A Simple Solution to Quiet Your Mind,MEDIUM — beatable with strong content,3,1,True
how to quiet the mind,7,www.inc.com,mid,,https://www.inc.com/jessica-stillman/ethan-kross-chatter-distanced-self-talk.html,A Neuroscientist Explains How to Quiet Your Mind and Find ...,MEDIUM — beatable with strong content,3,1,True
how to quiet the mind,8,www.danroberts.com,mid,,https://www.danroberts.com/blog/mindfulness-technique-to-quiet-your-mind,Try this Mindfulness Technique to Help Quiet Your Mind,MEDIUM — beatable with strong content,3,1,True
how to quiet the mind,9,anxietynomore.co.uk,mid,,https://anxietynomore.co.uk/anxiety_relaxation/,How to calm and quiet the mind,MEDIUM — beatable with strong content,3,1,True
how to quiet the mind,10,www.forbes.com,strong,,https://www.forbes.com/sites/alicegwalton/2017/02/28/8-science-based-tricks-for-quieting-the-monkey-mind/,8 Science-Based Tricks For Quieting The Monkey Mind,MEDIUM — beatable with strong content,3,1,True
how to quiet the mind,11,www.forhers.com,mid,,https://www.forhers.com/blog/how-to-quiet-your-mind,How to Quiet Your Mind: 10 Simple Strategies,MEDIUM — beatable with strong content,3,1,True
emotional burnout from helping,2,www.helpguide.org,strong,,https://www.helpguide.org/mental-health/stress/burnout-prevention-and-recovery,"Burnout: Symptoms, Treatment, and Coping Strategy Tips",MEDIUM — beatable with strong content,4,1,True
emotional burnout from helping,4,www.healthline.com,strong,,https://www.healthline.com/health/emotional-exhaustion,"Emotional Exhaustion: Symptoms, Causes, Treatments ...",MEDIUM — beatable with strong content,4,1,True
emotional burnout from helping,5,pmc.ncbi.nlm.nih.gov,strong,,https://pmc.ncbi.nlm.nih.gov/articles/PMC11980338/,Compassion fatigue in helping professions: a scoping ... - PMC,MEDIUM — beatable with strong content,4,1,True
emotional burnout from helping,6,www.calm.com,strong,,https://www.calm.com/blog/emotional-exhaustion,Emotional exhaustion: 10 tips to relieve emotional burnout,MEDIUM — beatable with strong content,4,1,True
emotional burnout from helping,7,www.teale.io,mid,,https://www.teale.io/en/blog/how-to-support-someone-experiencing-burnout,How to Support Someone Experiencing Burnout,MEDIUM — beatable with strong content,4,1,True
emotional burnout from helping,8,www.researchgate.net,mid,,https://www.researchgate.net/publication/392029350_Emotional_Burnout_Among_Helping_Professionals_A_Theoretical_Review_and_Practical_Implications,(PDF) Emotional Burnout Among Helping Professionals,MEDIUM — beatable with strong content,4,1,True
emotional burnout from helping,9,www.facebook.com,mid,social,https://www.facebook.com/AmericanCollegeofEducation/posts/have-you-ever-felt-emotionally-drained-from-helping-others-that-could-be-compass/1278188727680752/,Have you ever felt emotionally drained from helping others ...,MEDIUM — beatable with strong content,4,1,True
emotional burnout from helping,10,www.reachlink.com,mid,,https://www.reachlink.com/advice/general/why-some-helpers-thrive-while-others-burn-out-doing-the-same-work/,Why Some Helpers Thrive While Others Burn Out Doing ...,MEDIUM — beatable with strong content,4,1,True
emotional burnout from helping,11,www.keepingwellnwl.nhs.uk,mid,,https://www.keepingwellnwl.nhs.uk/self-help-resources/common-problems/compassion-fatigue,Compassion fatigue,MEDIUM — beatable with strong content,4,1,True
emotional numbness,3,health.clevelandclinic.org,strong,,https://health.clevelandclinic.org/why-you-feel-emotionally-numb,9 Causes of Emotional Numbness and What To Do,MEDIUM — beatable with strong content,4,1,True
emotional numbness,4,www.verywellmind.com,strong,,https://www.verywellmind.com/emotional-numbing-symptoms-2797372,"Emotional Numbness: Symptoms, Causes, and Treatment",MEDIUM — beatable with strong content,4,1,True
emotional numbness,5,www.youtube.com,mid,social,https://www.youtube.com/watch?v=gHsKOSvAyLo,How to Process Emotional Numbness and Dissociation,MEDIUM — beatable with strong content,4,1,True
emotional numbness,7,www.annabellepsychology.com,mid,,https://www.annabellepsychology.com/articles-and-guides/emotional-numbness-causes-and-support,"Emotional Numbness: Causes, Signs and How to Cope",MEDIUM — beatable with strong content,4,1,True
emotional numbness,8,www.unitypoint.org,mid,,https://www.unitypoint.org/news-and-articles/a-therapist-explains-why-we-shut-down-when-flooded-with-big-emotions,A Therapist Explains Why We Shut Down When Flooded ...,MEDIUM — beatable with strong content,4,1,True
emotional numbness,9,www.psychologytoday.com,strong,,https://www.psychologytoday.com/us/blog/childhood-emotional-neglect/202511/10-telltale-signs-that-you-are-emotionally-numb,10 Signs of Emotional Numbness,MEDIUM — beatable with strong content,4,1,True
emotional numbness,10,www.healthline.com,strong,,https://www.healthline.com/health/feeling-numb,What Is Emotional Numbness?,MEDIUM — beatable with strong content,4,1,True
emotional numbness,11,www.ptsduk.org,mid,,https://www.ptsduk.org/emotional-numbness/,Emotional numbness,MEDIUM — beatable with strong content,4,1,True
employee burnout,2,www.apa.org,strong,,https://www.apa.org/topics/healthy-workplaces/workplace-burnout,Employers need to focus on workplace burnout: Here's why,MEDIUM — beatable with strong content,4,1,True
employee burnout,3,www.personio.com,mid,,https://www.personio.com/hr-lexicon/burnout/,"Employee burnout: causes, signs and strategies - Personio",MEDIUM — beatable with strong content,4,1,True
employee burnout,5,www.ncbi.nlm.nih.gov,strong,,https://www.ncbi.nlm.nih.gov/books/NBK614516/,"Job Burnout: Consequences for Individuals, Organizations ...",MEDIUM — beatable with strong content,4,1,True
employee burnout,6,www.gallup.com,mid,,https://www.gallup.com/workplace/313160/preventing-and-dealing-with-employee-burnout.aspx,How to Prevent Employee Burnout,MEDIUM — beatable with strong content,4,1,True
employee burnout,7,www.lyrahealth.com,mid,,https://www.lyrahealth.com/resources/employee-burnout/,"Employee Burnout: Signs, Prevention, and Recovery",MEDIUM — beatable with strong content,4,1,True
employee burnout,8,www.springhealth.com,mid,,https://www.springhealth.com/blog/employee-burnout,"Employee Burnout: Signs, Causes, and What HR Can Do",MEDIUM — beatable with strong content,4,1,True
employee burnout,9,www.mayoclinic.org,strong,,https://www.mayoclinic.org/healthy-lifestyle/adult-health/in-depth/burnout/art-20046642,Job burnout: How to spot it and take action,MEDIUM — beatable with strong content,4,1,True
employee burnout,10,www.youtube.com,mid,social,https://www.youtube.com/watch?v=uKroY_7Qp_E,Employee burnout: How to recognize it & what you can do,MEDIUM — beatable with strong content,4,1,True
employee burnout,12,www.wgu.edu,strong,,https://www.wgu.edu/blog/workplace-burnout-causes-effects-solutions1906.html,"Workplace Burnout: Causes, Effects, and Solutions",MEDIUM — beatable with strong content,4,1,True
midlife crisis,3,www.helpguide.org,strong,,https://www.helpguide.org/aging/healthy-aging/midlife-crisis,"Midlife Crisis: Signs, Causes, and Coping Tips",MEDIUM — beatable with strong content,4,1,True
midlife crisis,4,www.meawisdom.com,mid,,https://www.meawisdom.com/midlife-crisis-men/,Midlife Crisis Men: 8 Warning Signs & How to Navigate,MEDIUM — beatable with strong content,4,1,True
midlife crisis,5,en.wikipedia.org,strong,wiki,https://en.wikipedia.org/wiki/Midlife_crisis,Midlife crisis,MEDIUM — beatable with strong content,4,1,True
midlife crisis,7,www.ebsco.com,mid,,https://www.ebsco.com/research-starters/health-and-medicine/midlife-crisis-psychology,Midlife crisis (psychology) | Health and Medicine,MEDIUM — beatable with strong content,4,1,True
midlife crisis,8,www.goodtherapy.org,mid,,https://www.goodtherapy.org/learn-about-therapy/issues/midlife-crisis,Midlife Crisis: Understanding and Navigating Life's Middle ...,MEDIUM — beatable with strong content,4,1,True
midlife crisis,9,www.healthline.com,strong,,https://www.healthline.com/health/mental-health/how-to-turn-a-midlife-crisis-into-a-fresh-start,How to Turn a Midlife Crisis into a Fresh Start,MEDIUM — beatable with strong content,4,1,True
midlife crisis,10,www.calm.com,strong,,https://www.calm.com/blog/midlife-crisis,4 signs of a midlife crisis (and tips to help you cope),MEDIUM — beatable with strong content,4,1,True
midlife crisis,11,www.merriam-webster.com,mid,dictionary,https://www.merriam-webster.com/dictionary/midlife%20crisis,MIDLIFE CRISIS Definition & Meaning,MEDIUM — beatable with strong content,4,1,True
nervous system regulation,3,acp-mn.com,mid,,https://acp-mn.com/about-acp/blog/how-to-heal-a-dysregulated-nervous-system/,How to Heal a Dysregulated Nervous System,MEDIUM — beatable with strong content,4,1,True
nervous system regulation,4,www.calm.com,strong,,https://www.calm.com/blog/how-to-regulate-nervous-system,How to regulate your nervous system and feel calmer,MEDIUM — beatable with strong content,4,1,True
nervous system regulation,5,www.youtube.com,mid,social,https://www.youtube.com/watch?v=YcoIE3Yiaw0,The Essential Skill to Regulate Your Nervous System ...,MEDIUM — beatable with strong content,4,1,True
nervous system regulation,6,today.ucsd.edu,strong,,https://today.ucsd.edu/story/why-is-everyone-regulating-their-nervous-system,Why Is Everyone 'Regulating' Their Nervous System?,MEDIUM — beatable with strong content,4,1,True
nervous system regulation,7,hackensackmeridianhealth.org,mid,,https://hackensackmeridianhealth.org/en/healthier-you/2024/08/06/how-to-use-nervous-system-regulation-exercises-to-reclaim-your-calm,Reclaim Your Calm With Nervous System Regulation ...,MEDIUM — beatable with strong content,4,1,True
nervous system regulation,8,www.healthline.com,strong,,https://www.healthline.com/health/mental-health/expert-explains-nervous-system-regulation,"Nervous System Dysregulation, According to Dr. Block",MEDIUM — beatable with strong content,4,1,True
nervous system regulation,9,www.asph.nhs.uk,mid,,https://www.asph.nhs.uk/nervous-system-regulation,Nervous System Regulation,MEDIUM — beatable with strong content,4,1,True
nervous system regulation,11,www.psychologytoday.com,strong,,https://www.psychologytoday.com/za/blog/between-cultures/202409/3-ways-to-regulate-the-nervous-system,3 Ways to Regulate the Nervous System,MEDIUM — beatable with strong content,4,1,True
rumination,3,www.psychiatry.org,mid,,https://www.psychiatry.org/news-room/apa-blogs/rumination-a-cycle-of-negative-thinking,Rumination: A Cycle of Negative Thinking,MEDIUM — beatable with strong content,4,1,True
rumination,4,en.wikipedia.org,strong,wiki,https://en.wikipedia.org/wiki/Rumination_(psychology),Rumination (psychology),MEDIUM — beatable with strong content,4,1,True
rumination,5,pmc.ncbi.nlm.nih.gov,strong,,https://pmc.ncbi.nlm.nih.gov/articles/PMC3312901/,Rumination: Relationships with Physical Health - PMC - NIH,MEDIUM — beatable with strong content,4,1,True
rumination,8,www.healthline.com,strong,,https://www.healthline.com/health/how-to-stop-ruminating,12 Tips to Help You Stop Ruminating,MEDIUM — beatable with strong content,4,1,True
rumination,9,www.health.harvard.edu,strong,,https://www.health.harvard.edu/mind-and-mood/break-the-cycle,Break the cycle,MEDIUM — beatable with strong content,4,1,True
rumination,10,www.firstsession.com,mid,,https://www.firstsession.com/resources/what-is-rumination,What is Rumination: Understanding the Process of ...,MEDIUM — beatable with strong content,4,1,True
rumination,11,www.youtube.com,mid,social,https://www.youtube.com/watch?v=U2tnf8q7GMk,Rumination: How to Disrupt Obsessive Thoughts | Being Well ...,MEDIUM — beatable with strong content,4,1,True
can't stop overthinking,2,www.reddit.com,strong,UGC/forum,https://www.reddit.com/r/selfimprovement/comments/ytj3hm/it_took_me_9_years_to_beat_overthinking_ill_tell/,It took me 9 years to beat overthinking. I'll tell you how to in ...,MEDIUM,5,1,True
can't stop overthinking,4,www.healthline.com,strong,,https://www.healthline.com/health/how-to-stop-overthinking,14 Ways to Stop Overthinking,MEDIUM,5,1,True
can't stop overthinking,7,psyche.co,strong,,https://psyche.co/guides/how-to-stop-overthinking-with-help-from-metacognitive-strategies,How to stop overthinking with help from metacognitive ...,MEDIUM,5,1,True
can't stop overthinking,8,www.washingtonpost.com,strong,,https://www.washingtonpost.com/wellness/2026/03/04/how-to-stop-overthinking/,How to stop overthinking,MEDIUM,5,1,True
can't stop overthinking,9,www.thegoodtrade.com,mid,,https://www.thegoodtrade.com/features/how-to-stop-overthinking/,How To Stop Overthinking Literally Everything,MEDIUM,5,1,True
can't stop overthinking,10,www.therapynowsf.com,mid,,https://www.therapynowsf.com/blog/how-to-stop-overthinking-why-your-brain-creates-problems-that-never-happen,How to Stop Overthinking: Why Your Brain Creates ...,MEDIUM,5,1,True
can't stop overthinking,11,www.calm.com,strong,,https://www.calm.com/blog/how-to-stop-overthinking,How to stop overthinking everything: 15 tips ...,MEDIUM,5,1,True
emotional resilience,4,www.verywellmind.com,strong,,https://www.verywellmind.com/emotional-resilience-is-a-trait-you-can-develop-3145235,Emotional Resilience Is a Trait You Can Develop,MEDIUM,5,1,True
emotional resilience,5,pmc.ncbi.nlm.nih.gov,strong,,https://pmc.ncbi.nlm.nih.gov/articles/PMC10911335/,Developing resilience and harnessing emotional intelligence,MEDIUM,5,1,True
emotional resilience,6,www.apa.org,strong,,https://www.apa.org/topics/resilience,Resilience,MEDIUM,5,1,True
emotional resilience,7,www.sacap.edu.za,local_sa,,https://www.sacap.edu.za/blog/applied-psychology/how-to-build-emotional-resilience/,How To Build Emotional Resilience,MEDIUM,5,1,True
emotional resilience,8,www.healthassured.org,mid,,https://www.healthassured.org/blog/emotional-resilience/,What is emotional resilience,MEDIUM,5,1,True
emotional resilience,9,en.wikipedia.org,strong,wiki,https://en.wikipedia.org/wiki/Psychological_resilience,Psychological resilience,MEDIUM,5,1,True
emotional resilience,10,www.calm.com,strong,,https://www.calm.com/blog/emotional-resilience,How to increase your emotional resilience (and why ...,MEDIUM,5,1,True
emotional resilience,11,www.youtube.com,mid,social,https://www.youtube.com/watch?v=dx-c3WyACgw,How to Build Emotional Resilience ❤️,MEDIUM,5,1,True
how to deal with burnout,1,www.healthline.com,strong,,https://www.healthline.com/health/mental-health/burnout-recovery,Burnout Recovery: 11 Strategies to Help You Reset,MEDIUM,5,1,False
how to deal with burnout,3,www.helpguide.org,strong,,https://www.helpguide.org/mental-health/stress/burnout-prevention-and-recovery,"Burnout: Symptoms, Treatment, and Coping Strategy Tips",MEDIUM,5,1,False
how to deal with burnout,4,pmc.ncbi.nlm.nih.gov,strong,,https://pmc.ncbi.nlm.nih.gov/articles/PMC11826810/,Burnout: its meaning and how to deal with it? - PMC,MEDIUM,5,1,False
how to deal with burnout,6,www.mayoclinic.org,strong,,https://www.mayoclinic.org/healthy-lifestyle/adult-health/in-depth/burnout/art-20046642,Job burnout: How to spot it and take action,MEDIUM,5,1,False
how to deal with burnout,7,www.youtube.com,mid,social,https://www.youtube.com/watch?v=VdU9SMLb-H0,"How to Deal with Burnout | Adam Borland, PsyD",MEDIUM,5,1,False
how to deal with burnout,8,www.npr.org,mid,,https://www.npr.org/2021/03/08/974787023/burnout-isnt-just-exhaustion-heres-how-to-deal-with-it,Burnout isn't just exhaustion. Here's how to deal with it,MEDIUM,5,1,False
how to deal with burnout,9,www.headspace.com,strong,,https://www.headspace.com/mindfulness/burnout,How to deal with burnout,MEDIUM,5,1,False
how to deal with burnout,10,www.lifepathgroup.co.za,local_sa,,https://www.lifepathgroup.co.za/tips-for-dealing-with-mental-burnout/,Tips For Dealing With Mental Burnout,MEDIUM,5,1,False
imposter syndrome,3,en.wikipedia.org,strong,wiki,https://en.wikipedia.org/wiki/Impostor_syndrome,Impostor syndrome,MEDIUM,5,1,True
imposter syndrome,5,www.psychologytoday.com,strong,,https://www.psychologytoday.com/za/basics/imposter-syndrome,Imposter Syndrome,MEDIUM,5,1,True
imposter syndrome,6,www.helpguide.org,strong,,https://www.helpguide.org/mental-health/wellbeing/imposter-syndrome-causes-types-and-coping-tips,"Imposter Syndrome: Causes, Types, and Coping Tips",MEDIUM,5,1,True
imposter syndrome,8,ctl.stanford.edu,strong,,https://ctl.stanford.edu/students/imposter-syndrome,Imposter Syndrome - Stanford Center for Teaching and Learning,MEDIUM,5,1,True
imposter syndrome,9,naminc.org,mid,,https://naminc.org/understanding-imposter-syndrome-and-how-to-overcome-it/,Understanding Imposter Syndrome and How to Overcome It,MEDIUM,5,1,True
imposter syndrome,10,impostorsyndrome.com,mid,,https://impostorsyndrome.com/articles/10-steps-overcome-impostor/,How to Overcome Imposter Syndrome - 10 Steps - ISI,MEDIUM,5,1,True
imposter syndrome,11,pmc.ncbi.nlm.nih.gov,strong,,https://pmc.ncbi.nlm.nih.gov/articles/PMC9811106/,Imposter Syndrome - PMC - NIH,MEDIUM,5,1,True
work exhaustion,2,www.mayoclinic.org,strong,,https://www.mayoclinic.org/healthy-lifestyle/adult-health/in-depth/burnout/art-20046642,Job burnout: How to spot it and take action,MEDIUM,5,1,True
work exhaustion,4,www.helpguide.org,strong,,https://www.helpguide.org/mental-health/stress/burnout-prevention-and-recovery,"Burnout: Symptoms, Treatment, and Coping Strategy Tips",MEDIUM,5,1,True
work exhaustion,5,www.ncbi.nlm.nih.gov,strong,,https://www.ncbi.nlm.nih.gov/books/NBK614516/,"Job Burnout: Consequences for Individuals, Organizations ...",MEDIUM,5,1,True
work exhaustion,6,www.nhs.uk,mid,,https://www.nhs.uk/every-mind-matters/lifes-challenges/work-related-stress/,Work-related stress,MEDIUM,5,1,True
work exhaustion,7,health.clevelandclinic.org,strong,,https://health.clevelandclinic.org/signs-of-job-burnout,Signs of Job Burnout and 5 Ways To Beat It,MEDIUM,5,1,True
work exhaustion,8,mentalhealth-uk.org,mid,,https://mentalhealth-uk.org/burnout/,Burnout,MEDIUM,5,1,True
work exhaustion,9,en.wikipedia.org,strong,wiki,https://en.wikipedia.org/wiki/Occupational_burnout,Occupational burnout,MEDIUM,5,1,True
work exhaustion,10,www.benenden.co.uk,mid,,https://www.benenden.co.uk/be-healthy/work/signs-of-burnout-at-work/,Signs You're Feeling Burnout at Work,MEDIUM,5,1,True
work exhaustion,11,www.affinityhealth.co.za,local_sa,,https://www.affinityhealth.co.za/10-tips-on-how-to-deal-with-burnout-at-work/,10 Tips On How To Deal With Burnout At Work,MEDIUM,5,1,True
compassion fatigue recovery,2,ctrinstitute.com,mid,,https://ctrinstitute.com/blog/5-pathways-healing-compassion-fatigue/,5 Pathways For Healing Compassion Fatigue,MEDIUM — beatable with strong content,3,0,True
compassion fatigue recovery,4,www.aafp.org,mid,,https://www.aafp.org/fpm/2000/0400/p39,Overcoming Compassion Fatigue | FPM,MEDIUM — beatable with strong content,3,0,True
compassion fatigue recovery,5,australian.physio,mid,,https://australian.physio/inmotion/managing-compassion-fatigue,APA | Managing compassion fatigue,MEDIUM — beatable with strong content,3,0,True
compassion fatigue recovery,6,virginiapeerspecialistnetwork.org,mid,,https://virginiapeerspecialistnetwork.org/compassion-fatigue/,Compassion Fatigue,MEDIUM — beatable with strong content,3,0,True
compassion fatigue recovery,7,pmc.ncbi.nlm.nih.gov,strong,,https://pmc.ncbi.nlm.nih.gov/articles/PMC8812061/,Building Compassion Fatigue Resilience - PMC - NIH,MEDIUM — beatable with strong content,3,0,True
compassion fatigue recovery,8,www.monimawellness.com,mid,,https://www.monimawellness.com/what-is-compassion-fatigue/,"What Is Compassion Fatigue? Signs, Stages & How ...",MEDIUM — beatable with strong content,3,0,True
compassion fatigue recovery,9,www.talked.com.au,mid,,https://www.talked.com.au/blog/healing-compassion-fatigue,Healing Compassion Fatigue,MEDIUM — beatable with strong content,3,0,True
compassion fatigue recovery,11,operations.du.edu,strong,,https://operations.du.edu/inclusive-teaching/content/addressing-combatting-compassion-fatigue,Addressing & Combatting Compassion Fatigue,MEDIUM — beatable with strong content,3,0,True
compassion fatigue recovery,12,www.webmd.com,strong,,https://www.webmd.com/mental-health/signs-compassion-fatigue,Compassion Fatigue: Symptoms To Look For,MEDIUM — beatable with strong content,3,0,True
signs of burnout,3,health.clevelandclinic.org,strong,,https://health.clevelandclinic.org/signs-of-burnout,What Is Burnout? 6 Signs and How To Recover,MEDIUM — beatable with strong content,3,0,True
signs of burnout,4,mhanational.org,mid,,https://mhanational.org/resources/burnout-signs-causes-recover/,"Burnout: Signs, causes, and how to recover",MEDIUM — beatable with strong content,3,0,True
signs of burnout,5,www.helpguide.org,strong,,https://www.helpguide.org/mental-health/stress/burnout-prevention-and-recovery,"Burnout: Symptoms, Treatment, and Coping Strategy Tips",MEDIUM — beatable with strong content,3,0,True
signs of burnout,6,www.darlingdowns.health.qld.gov.au,mid,,https://www.darlingdowns.health.qld.gov.au/about-us/our-stories/feature-articles/signs-you-might-be-experiencing-a-burnout-and-how-to-regain-balance-in-your-life,Signs you might be experiencing a burnout and how to regain ...,MEDIUM — beatable with strong content,3,0,True
signs of burnout,7,www.webmd.com,strong,,https://www.webmd.com/mental-health/burnout-symptoms-signs,"Burnout: Symptoms, Risk Factors, Prevention, Treatment",MEDIUM — beatable with strong content,3,0,True
signs of burnout,9,www.affinityhealth.co.za,local_sa,,https://www.affinityhealth.co.za/burnout-symptoms-how-to-spot-the-early-warning-signs/,Burnout Symptoms: How To Spot The Early Warning Signs,MEDIUM — beatable with strong content,3,0,True
signs of burnout,10,www.resultspt.com,mid,,https://www.resultspt.com/blog/posts/early-signs-of-burnout,Early Signs of Burnout,MEDIUM — beatable with strong content,3,0,True
signs of burnout,11,www.newcastle-hospitals.nhs.uk,mid,,https://www.newcastle-hospitals.nhs.uk/services/newcastle-occupational-health-service/information-for-staff/covid-support-materials/managing-occupational-burnout/,Occupational burnout,MEDIUM — beatable with strong content,3,0,True
burnout causes,3,www.mentalhealth.org.uk,mid,,https://www.mentalhealth.org.uk/explore-mental-health/articles/burnout-signs-causes-and-ways-recover,Burnout,MEDIUM — beatable with strong content,4,0,True
burnout causes,5,www.medparkhospital.com,mid,,https://www.medparkhospital.com/en-US/lifestyles/burnout-syndrome,"Burnout syndromes - Causes, Symptoms and Treatment",MEDIUM — beatable with strong content,4,0,True
burnout causes,6,www.mayoclinic.org,strong,,https://www.mayoclinic.org/healthy-lifestyle/adult-health/in-depth/burnout/art-20046642,Job burnout: How to spot it and take action,MEDIUM — beatable with strong content,4,0,True
burnout causes,7,www.spill.chat,mid,,https://www.spill.chat/burnout/burnout-causes,The 6 leading causes of burnout at work (and a free action plan),MEDIUM — beatable with strong content,4,0,True
burnout causes,8,mhanational.org,mid,,https://mhanational.org/resources/burnout-signs-causes-recover/,"Burnout: Signs, causes, and how to recover",MEDIUM — beatable with strong content,4,0,True
burnout causes,9,pmc.ncbi.nlm.nih.gov,strong,,https://pmc.ncbi.nlm.nih.gov/articles/PMC9478693/,"Burnout phenomenon: neurophysiological factors, clinical ...",MEDIUM — beatable with strong content,4,0,True
burnout causes,10,www.wgu.edu,strong,,https://www.wgu.edu/blog/workplace-burnout-causes-effects-solutions1906.html,"Workplace Burnout: Causes, Effects, and Solutions",MEDIUM — beatable with strong content,4,0,True
burnout causes,11,www.webmd.com,strong,,https://www.webmd.com/mental-health/burnout-symptoms-signs,"Burnout: Symptoms, Risk Factors, Prevention, Treatment",MEDIUM — beatable with strong content,4,0,True
burnout symptoms,3,health.clevelandclinic.org,strong,,https://health.clevelandclinic.org/signs-of-burnout,What Is Burnout? 6 Signs and How To Recover,MEDIUM — beatable with strong content,4,0,True
burnout symptoms,4,mhanational.org,mid,,https://mhanational.org/resources/burnout-signs-causes-recover/,"Burnout: Signs, causes, and how to recover",MEDIUM — beatable with strong content,4,0,True
burnout symptoms,5,www.helpguide.org,strong,,https://www.helpguide.org/mental-health/stress/burnout-prevention-and-recovery,"Burnout: Symptoms, Treatment, and Coping Strategy Tips",MEDIUM — beatable with strong content,4,0,True
burnout symptoms,6,www.webmd.com,strong,,https://www.webmd.com/mental-health/burnout-symptoms-signs,"Burnout: Symptoms, Risk Factors, Prevention, Treatment",MEDIUM — beatable with strong content,4,0,True
burnout symptoms,7,www.affinityhealth.co.za,local_sa,,https://www.affinityhealth.co.za/burnout-symptoms-how-to-spot-the-early-warning-signs/,Burnout Symptoms: How To Spot The Early Warning Signs,MEDIUM — beatable with strong content,4,0,True
burnout symptoms,8,www.darlingdowns.health.qld.gov.au,mid,,https://www.darlingdowns.health.qld.gov.au/about-us/our-stories/feature-articles/signs-you-might-be-experiencing-a-burnout-and-how-to-regain-balance-in-your-life,Signs you might be experiencing a burnout and how to regain ...,MEDIUM — beatable with strong content,4,0,True
burnout symptoms,9,pmc.ncbi.nlm.nih.gov,strong,,https://pmc.ncbi.nlm.nih.gov/articles/PMC9126333/,"Thriving, Not Just Surviving: Recognizing Burnout and Simple ...",MEDIUM — beatable with strong content,4,0,True
burnout symptoms,10,www.newcastle-hospitals.nhs.uk,mid,,https://www.newcastle-hospitals.nhs.uk/services/newcastle-occupational-health-service/information-for-staff/covid-support-materials/managing-occupational-burnout/,Occupational burnout,MEDIUM — beatable with strong content,4,0,True
burnout treatment,2,www.healthline.com,strong,,https://www.healthline.com/health/mental-health/burnout-recovery,Burnout Recovery: 11 Strategies to Help You Reset,MEDIUM — beatable with strong content,4,0,True
burnout treatment,4,www.helpguide.org,strong,,https://www.helpguide.org/mental-health/stress/burnout-prevention-and-recovery,"Burnout: Symptoms, Treatment, and Coping Strategy Tips",MEDIUM — beatable with strong content,4,0,True
burnout treatment,5,www.netcare.co.za,local_sa,,https://www.netcare.co.za/News-Hub/Articles/burnout-whats-at-stake-when-living-with-chronic-stress,Burnout: What's at stake when living with chronic stress,MEDIUM — beatable with strong content,4,0,True
burnout treatment,6,health.clevelandclinic.org,strong,,https://health.clevelandclinic.org/how-to-recover-from-burnout,12 Ways To Recover From Burnout,MEDIUM — beatable with strong content,4,0,True
burnout treatment,7,pmc.ncbi.nlm.nih.gov,strong,,https://pmc.ncbi.nlm.nih.gov/articles/PMC5901844/,Burnout: Prescription for a happier healthier you - PMC - NIH,MEDIUM — beatable with strong content,4,0,True
burnout treatment,9,zwavelstreamclinic.co.za,local_sa,,https://zwavelstreamclinic.co.za/burnout-is-real/,Burnout is Real | ZwavelStream.co.za,MEDIUM — beatable with strong content,4,0,True
burnout treatment,10,mhanational.org,mid,,https://mhanational.org/resources/burnout-signs-causes-recover/,"Burnout: Signs, causes, and how to recover",MEDIUM — beatable with strong content,4,0,True
burnout treatment,11,stepstogether.co.uk,mid,,https://stepstogether.co.uk/treatment-for-burnout/,Treatment for Burnout: Therapies & Recovery,MEDIUM — beatable with strong content,4,0,True
chronic stress,3,www.medicalnewstoday.com,strong,,https://www.medicalnewstoday.com/articles/323324,"Chronic stress: Symptoms, examples, effects, and recovery",MEDIUM — beatable with strong content,4,0,True
chronic stress,4,www.mayoclinic.org,strong,,https://www.mayoclinic.org/healthy-lifestyle/stress-management/in-depth/stress/art-20046037,Chronic stress puts your health at risk,MEDIUM — beatable with strong content,4,0,True
chronic stress,5,www.yalemedicine.org,mid,,https://www.yalemedicine.org/conditions/stress-disorder,Chronic Stress | Fact Sheets,MEDIUM — beatable with strong content,4,0,True
chronic stress,7,pmc.ncbi.nlm.nih.gov,strong,,https://pmc.ncbi.nlm.nih.gov/articles/PMC5137920/,The effects of chronic stress on health: new insights into ... - PMC,MEDIUM — beatable with strong content,4,0,True
chronic stress,9,www.nhs.uk,mid,,https://www.nhs.uk/mental-health/feelings-symptoms-behaviours/feelings-and-symptoms/stress/,Get help with stress,MEDIUM — beatable with strong content,4,0,True
chronic stress,10,my.clevelandclinic.org,strong,,https://my.clevelandclinic.org/health/diseases/11874-stress,"Stress: What It Is, Symptoms, Management & Prevention",MEDIUM — beatable with strong content,4,0,True
chronic stress,11,www.pfizer.com,mid,,https://www.pfizer.com/news/articles/chronic_stress_and_how_to_manage_it,Chronic Stress and How to Manage It,MEDIUM — beatable with strong content,4,0,True
compassion fatigue,4,pmc.ncbi.nlm.nih.gov,strong,,https://pmc.ncbi.nlm.nih.gov/articles/PMC7560777/,Signs and consequences of compassion fatigue - PMC,MEDIUM — beatable with strong content,4,0,True
compassion fatigue,5,www.psychologytoday.com,strong,,https://www.psychologytoday.com/za/basics/compassion-fatigue,Compassion Fatigue,MEDIUM — beatable with strong content,4,0,True
compassion fatigue,6,www.webmd.com,strong,,https://www.webmd.com/mental-health/signs-compassion-fatigue,Compassion Fatigue: Symptoms To Look For,MEDIUM — beatable with strong content,4,0,True
compassion fatigue,7,www.keepingwellnwl.nhs.uk,mid,,https://www.keepingwellnwl.nhs.uk/self-help-resources/common-problems/compassion-fatigue,Compassion fatigue,MEDIUM — beatable with strong content,4,0,True
compassion fatigue,8,australian.physio,mid,,https://australian.physio/inmotion/managing-compassion-fatigue,APA | Managing compassion fatigue,MEDIUM — beatable with strong content,4,0,True
compassion fatigue,9,www.sciencedirect.com,strong,,https://www.sciencedirect.com/topics/medicine-and-dentistry/compassion-fatigue,Compassion Fatigue - an overview | ScienceDirect Topics,MEDIUM — beatable with strong content,4,0,True
compassion fatigue,10,raq.org.au,mid,,https://raq.org.au/blog/what-is-compassion-fatigue/,What is compassion fatigue?,MEDIUM — beatable with strong content,4,0,True
compassion fatigue,11,ideatraining.org,mid,,https://ideatraining.org/what-is-compassion-fatigue-and-how-to-manage-it-effectively/,What Is Compassion Fatigue & How To Manage It Effectively,MEDIUM — beatable with strong content,4,0,True
emotional triggers,4,www.healthline.com,strong,,https://www.healthline.com/health/mental-health/emotional-triggers,How to Identify and Manage Your Emotional Triggers,MEDIUM — beatable with strong content,4,0,True
emotional triggers,5,www.workplacestrategiesformentalhealth.com,mid,,https://www.workplacestrategiesformentalhealth.com/resources/emotional-triggers,Emotional triggers,MEDIUM — beatable with strong content,4,0,True
emotional triggers,7,harleytherapy.com,mid,,https://harleytherapy.com/blog/posts/emotional-trigger-or-just-big-emotion,"Emotional Trigger, or Just Big Emotion? : Blog",MEDIUM — beatable with strong content,4,0,True
emotional triggers,8,health.clevelandclinic.org,strong,,https://health.clevelandclinic.org/emotional-triggers,Can You Identify Your Emotional Triggers?,MEDIUM — beatable with strong content,4,0,True
emotional triggers,9,www.verywellmind.com,strong,,https://www.verywellmind.com/what-does-it-mean-to-be-triggered-4175432,What Does It Mean to Be Triggered?,MEDIUM — beatable with strong content,4,0,True
emotional triggers,10,www.psychologytoday.com,strong,,https://www.psychologytoday.com/us/blog/the-art-of-feeling/202408/got-triggered-own-it,How to Handle Emotional Triggers,MEDIUM — beatable with strong content,4,0,True
emotional triggers,11,interactivecounselling.ca,mid,,https://interactivecounselling.ca/emotional-triggers-shape-reactions/,Common Emotional Triggers – How They Affect Reactions,MEDIUM — beatable with strong content,4,0,True
how to recover from burnout,2,health.clevelandclinic.org,strong,,https://health.clevelandclinic.org/how-to-recover-from-burnout,12 Ways To Recover From Burnout,MEDIUM — beatable with strong content,4,0,True
how to recover from burnout,4,www.unitypoint.org,mid,,https://www.unitypoint.org/news-and-articles/what-does-burnout-feel-like-and-how-to-recover,What Does Burnout Feel Like and How to Recover,MEDIUM — beatable with strong content,4,0,True
how to recover from burnout,5,mhanational.org,mid,,https://mhanational.org/resources/burnout-signs-causes-recover/,"Burnout: Signs, causes, and how to recover",MEDIUM — beatable with strong content,4,0,True
how to recover from burnout,7,ipractice.com,mid,,https://ipractice.com/symptoms/burnout/treatment-and-recovery/,How Do I Recover from Burnout? - iPractice,MEDIUM — beatable with strong content,4,0,True
how to recover from burnout,9,psyche.co,strong,,https://psyche.co/guides/how-to-recover-from-burnout-and-regain-a-sense-of-purpose,How to recover from burnout and regain a sense of purpose,MEDIUM — beatable with strong content,4,0,True
how to recover from burnout,10,www.helpguide.org,strong,,https://www.helpguide.org/mental-health/stress/burnout-prevention-and-recovery,"Burnout: Symptoms, Treatment, and Coping Strategy Tips",MEDIUM — beatable with strong content,4,0,True
how to recover from burnout,11,www.healthline.com,strong,,https://www.healthline.com/health/mental-health/burnout-recovery,Burnout Recovery: 11 Strategies to Help You Reset,MEDIUM — beatable with strong content,4,0,True
why am I so irritable,3,www.healthline.com,strong,,https://www.healthline.com/health/irritability,"Irritability: Causes, Symptoms, and Coping",MEDIUM — beatable with strong content,4,0,True
why am I so irritable,4,www.healthdirect.gov.au,mid,,https://www.healthdirect.gov.au/irritability-and-feeling-on-edge,Irritability and feeling on edge,MEDIUM — beatable with strong content,4,0,True
why am I so irritable,6,www.talkiatry.com,mid,,https://www.talkiatry.com/blog/why-am-i-so-irritable,Why Am I So Irritable? 5 Reasons Why,MEDIUM — beatable with strong content,4,0,True
why am I so irritable,7,www.verywellmind.com,strong,,https://www.verywellmind.com/8-things-to-do-if-you-feel-irritable-5081875,8 Things to Do If You Feel Irritable,MEDIUM — beatable with strong content,4,0,True
why am I so irritable,8,drbrighten.com,mid,,https://drbrighten.com/podcasts/why-am-i-so-irritable/,Why Am I So Irritated All the Time? The Hidden Cause ...,MEDIUM — beatable with strong content,4,0,True
why am I so irritable,9,www.medicalnewstoday.com,strong,,https://www.medicalnewstoday.com/articles/325564,"What causes irritability? Symptoms, severity, and treatments",MEDIUM — beatable with strong content,4,0,True
why am I so irritable,10,guidepoint.ca,mid,,https://guidepoint.ca/always-irritated-chronic-anger/,Why You're Always Irritated: The Psychology Behind ...,MEDIUM — beatable with strong content,4,0,True
why am I so irritable,11,www.psychologytoday.com,strong,,https://www.psychologytoday.com/za/blog/invisible-bruises/202502/why-do-some-people-always-seem-irritable,Why Do Some People Always Seem Irritable?,MEDIUM — beatable with strong content,4,0,True
work stress,4,www.nhs.uk,mid,,https://www.nhs.uk/every-mind-matters/lifes-challenges/work-related-stress/,Work-related stress,MEDIUM — beatable with strong content,4,0,True
work stress,5,www.apa.org,strong,,https://www.apa.org/topics/healthy-workplaces/work-stress,Coping with stress at work,MEDIUM — beatable with strong content,4,0,True
work stress,6,pmc.ncbi.nlm.nih.gov,strong,,https://pmc.ncbi.nlm.nih.gov/articles/PMC5819024/,Workplace stress: A neglected aspect of mental health wellbeing,MEDIUM — beatable with strong content,4,0,True
work stress,7,www.acas.org.uk,mid,,https://www.acas.org.uk/managing-work-related-stress,Causes and signs of stress - Managing work-related stress,MEDIUM — beatable with strong content,4,0,True
work stress,8,www.cdc.gov,strong,,https://www.cdc.gov/niosh/stress/about/index.html,Stress and Work,MEDIUM — beatable with strong content,4,0,True
work stress,9,www.tandfonline.com,mid,,https://www.tandfonline.com/journals/twst20,Work & Stress | Journal,MEDIUM — beatable with strong content,4,0,True
work stress,10,www.mind.org.uk,strong,,https://www.mind.org.uk/information-support/tips-for-everyday-living/how-to-be-mentally-healthy-at-work/work-and-stress/,Work and stress | How to be mentally healthy at work,MEDIUM — beatable with strong content,4,0,True
work stress,11,healthservice.hse.ie,mid,,https://healthservice.hse.ie/staff/health-and-safety/work-related-stress/,Work-related stress - Website update - HSE,MEDIUM — beatable with strong content,4,0,True
brain fog,2,my.clevelandclinic.org,strong,,https://my.clevelandclinic.org/health/symptoms/brain-fog,"Brain Fog: What It Is, Causes, Symptoms & Treatment",MEDIUM,5,0,True
brain fog,5,www.americanbrainfoundation.org,mid,,https://www.americanbrainfoundation.org/what-is-brain-fog/,"Causes of Brain Fog, Symptoms, Treatment & More",MEDIUM,5,0,True
brain fog,6,pmc.ncbi.nlm.nih.gov,strong,,https://pmc.ncbi.nlm.nih.gov/articles/PMC11959835/,Cutting through the fog: recognising brain fog as a significant ...,MEDIUM,5,0,True
brain fog,8,www.urmc.rochester.edu,strong,,https://www.urmc.rochester.edu/news/story/what-causes-brain-fog,What Causes Brain Fog? | University of Rochester Medicine,MEDIUM,5,0,True
brain fog,9,www.bbc.com,strong,,https://www.bbc.com/news/articles/c87ydw7xdxvo,Brain fog and four easy ways to help fix it,MEDIUM,5,0,True
brain fog,10,www.newcastle-hospitals.nhs.uk,mid,,https://www.newcastle-hospitals.nhs.uk/services/great-north-childrens-hospital/childrens-health-psychology/resources/managing-brain-fog/,Managing “brain fog”,MEDIUM,5,0,True
brain fog,11,www.sciencedirect.com,strong,,https://www.sciencedirect.com/science/article/pii/S0166223625000177,Defining brain fog across medical conditions,MEDIUM,5,0,True
emotional intelligence,2,www.helpguide.org,strong,,https://www.helpguide.org/mental-health/wellbeing/emotional-intelligence-eq,Improving Emotional Intelligence (EQ): Expert Guide,MEDIUM,5,0,True
emotional intelligence,4,www.thomas.co,mid,,https://www.thomas.co/resources/type/hr-guides/what-emotional-intelligence-and-why-it-matters-work,What Is Emotional Intelligence and Why It Matters at Work,MEDIUM,5,0,True
emotional intelligence,6,www.psychologytoday.com,strong,,https://www.psychologytoday.com/za/basics/emotional-intelligence,Emotional Intelligence | Psychology Today South Africa,MEDIUM,5,0,True
emotional intelligence,7,professional.dce.harvard.edu,strong,,https://professional.dce.harvard.edu/blog/how-to-improve-your-emotional-intelligence/,How to Improve Your Emotional Intelligence,MEDIUM,5,0,True
emotional intelligence,8,www.medicalnewstoday.com,strong,,https://www.medicalnewstoday.com/articles/components-of-emotional-intelligence,"Emotional intelligence: Components, importance, and ...",MEDIUM,5,0,True
emotional intelligence,9,pmc.ncbi.nlm.nih.gov,strong,,https://pmc.ncbi.nlm.nih.gov/articles/PMC10783582/,The vital connection between emotional intelligence and well ...,MEDIUM,5,0,True
emotional intelligence,10,mhanational.org,mid,,https://mhanational.org/resources/what-is-emotional-intelligence-and-how-does-it-apply-to-the-workplace/,What is emotional intelligence and how does it apply to the ...,MEDIUM,5,0,True
emotional intelligence,11,www.mindtools.com,mid,,https://www.mindtools.com/axbwm3m/how-emotionally-intelligent-are-you/,How Emotionally Intelligent Are You?,MEDIUM,5,0,True
mental exhaustion,3,www.webmd.com,strong,,https://www.webmd.com/mental-health/ss/slideshow-signs-youre-mentally-exhausted,Signs You're Mentally Exhausted,MEDIUM,5,0,True
mental exhaustion,4,pmc.ncbi.nlm.nih.gov,strong,,https://pmc.ncbi.nlm.nih.gov/articles/PMC10460155/,Understanding mental fatigue and its detection: a comparative ...,MEDIUM,5,0,True
mental exhaustion,6,www.unjaniclinic.co.za,local_sa,,https://www.unjaniclinic.co.za/health_subjects/mental-fatigue/,Mental Fatigue,MEDIUM,5,0,True
mental exhaustion,7,www.healthline.com,strong,,https://www.healthline.com/health/mental-exhaustion,How to Treat and Prevent Mental Exhaustion,MEDIUM,5,0,True
mental exhaustion,8,www.mayoclinichealthsystem.org,mid,,https://www.mayoclinichealthsystem.org/hometown-health/speaking-of-health/emotional-exhaustion-during-times-of-unrest,What is emotional exhaustion?,MEDIUM,5,0,True
mental exhaustion,9,www.calm.com,strong,,https://www.calm.com/blog/mental-fatigue,Mentally exhausted? 10 ways to recover from mental fatigue,MEDIUM,5,0,True
mental exhaustion,10,www.headspace.com,strong,,https://www.headspace.com/articles/signs-of-mental-exhaustion,"Mental exhaustion: Symptoms, causes, and how to recover",MEDIUM,5,0,True
mental exhaustion,11,mentalhealth-uk.org,mid,,https://mentalhealth-uk.org/burnout/,Burnout,MEDIUM,5,0,True
mental fatigue,3,www.unjaniclinic.co.za,local_sa,,https://www.unjaniclinic.co.za/health_subjects/mental-fatigue/,Mental Fatigue,MEDIUM,5,0,True
mental fatigue,4,pmc.ncbi.nlm.nih.gov,strong,,https://pmc.ncbi.nlm.nih.gov/articles/PMC10460155/,Understanding mental fatigue and its detection: a comparative ...,MEDIUM,5,0,True
mental fatigue,5,www.healthline.com,strong,,https://www.healthline.com/health/mental-exhaustion,How to Treat and Prevent Mental Exhaustion,MEDIUM,5,0,True
mental fatigue,6,www.webmd.com,strong,,https://www.webmd.com/mental-health/ss/slideshow-signs-youre-mentally-exhausted,Signs You're Mentally Exhausted,MEDIUM,5,0,True
mental fatigue,7,www.calm.com,strong,,https://www.calm.com/blog/mental-fatigue,Mentally exhausted? 10 ways to recover from mental fatigue,MEDIUM,5,0,True
mental fatigue,8,www.mayoclinichealthsystem.org,mid,,https://www.mayoclinichealthsystem.org/hometown-health/speaking-of-health/emotional-exhaustion-during-times-of-unrest,What is emotional exhaustion?,MEDIUM,5,0,True
mental fatigue,9,www.dischem.co.za,local_sa,,https://www.dischem.co.za/articles/post/mental-fatigue?srsltid=AfmBOooRw_NVIYCqEYRZcZH1TtSe1oYXOdrOUHJmHYaQyuFqknKqA5jn,Mental Fatigue - Articles,MEDIUM,5,0,True
mental fatigue,10,www.nature.com,strong,,https://www.nature.com/articles/d41586-025-03974-w,Is your brain tired? Researchers are discovering the roots ...,MEDIUM,5,0,True
mental fatigue,11,www.newportinstitute.com,mid,,https://www.newportinstitute.com/resources/mental-health/mental-exhaustion/,Signs You May Have Mental Exhaustion,MEDIUM,5,0,True
burnout,2,www.helpguide.org,strong,,https://www.helpguide.org/mental-health/stress/burnout-prevention-and-recovery,"Burnout: Symptoms, Treatment, and Coping Strategy Tips",HARD — authority-heavy SERP,6,1,True
burnout,4,www.webmd.com,strong,,https://www.webmd.com/mental-health/burnout-symptoms-signs,"Burnout: Symptoms, Risk Factors, Prevention, Treatment",HARD — authority-heavy SERP,6,1,True
burnout,5,pmc.ncbi.nlm.nih.gov,strong,,https://pmc.ncbi.nlm.nih.gov/articles/PMC9478693/,"Burnout phenomenon: neurophysiological factors, clinical ...",HARD — authority-heavy SERP,6,1,True
burnout,6,www.psychologytoday.com,strong,,https://www.psychologytoday.com/za/basics/burnout,Burnout | Psychology Today South Africa,HARD — authority-heavy SERP,6,1,True
burnout,7,mhanational.org,mid,,https://mhanational.org/resources/burnout-signs-causes-recover/,"Burnout: Signs, causes, and how to recover",HARD — authority-heavy SERP,6,1,True
burnout,8,www.mayoclinic.org,strong,,https://www.mayoclinic.org/healthy-lifestyle/adult-health/in-depth/burnout/art-20046642,Job burnout: How to spot it and take action,HARD — authority-heavy SERP,6,1,True
burnout,10,en.wikipedia.org,strong,wiki,https://en.wikipedia.org/wiki/Occupational_burnout,Occupational burnout,HARD — authority-heavy SERP,6,1,True
burnout,11,www.darlingdowns.health.qld.gov.au,mid,,https://www.darlingdowns.health.qld.gov.au/about-us/our-stories/feature-articles/signs-you-might-be-experiencing-a-burnout-and-how-to-regain-balance-in-your-life,Signs you might be experiencing a burnout and how to regain ...,HARD — authority-heavy SERP,6,1,True
job burnout,2,www.mayoclinic.org,strong,,https://www.mayoclinic.org/healthy-lifestyle/adult-health/in-depth/burnout/art-20046642,Job burnout: How to spot it and take action,HARD — authority-heavy SERP,6,1,True
job burnout,4,www.ncbi.nlm.nih.gov,strong,,https://www.ncbi.nlm.nih.gov/books/NBK614516/,"Job Burnout: Consequences for Individuals, Organizations ...",HARD — authority-heavy SERP,6,1,True
job burnout,5,health.clevelandclinic.org,strong,,https://health.clevelandclinic.org/signs-of-job-burnout,Signs of Job Burnout and 5 Ways To Beat It,HARD — authority-heavy SERP,6,1,True
job burnout,6,en.wikipedia.org,strong,wiki,https://en.wikipedia.org/wiki/Occupational_burnout,Occupational burnout,HARD — authority-heavy SERP,6,1,True
job burnout,7,www.affinityhealth.co.za,local_sa,,https://www.affinityhealth.co.za/10-tips-on-how-to-deal-with-burnout-at-work/,10 Tips On How To Deal With Burnout At Work,HARD — authority-heavy SERP,6,1,True
job burnout,8,www.ccohs.ca,mid,,https://www.ccohs.ca/oshanswers/psychosocial/mh/mentalhealth_jobburnout.html,CCOHS: Mental Health - Job Burnout,HARD — authority-heavy SERP,6,1,True
job burnout,9,now.tufts.edu,strong,,https://now.tufts.edu/2025/08/25/recognizing-job-burnout-and-what-do-about-it,Recognizing Job Burnout and What to Do About It - Tufts Now,HARD — authority-heavy SERP,6,1,True
job burnout,10,scontrino-powell.com,mid,,https://scontrino-powell.com/blog/job-burnout-definition-contributing-factors-what-you-can-do,"Job Burnout: Definition, Contributing Factors, What You ...",HARD — authority-heavy SERP,6,1,True
job burnout,11,www.betterup.com,strong,,https://www.betterup.com/blog/signs-of-burnout-at-work,Signs of Burnout at Work and What to Do about It,HARD — authority-heavy SERP,6,1,True
anger management,2,www.helpguide.org,strong,,https://www.helpguide.org/relationships/communication/anger-management,Anger Management: Help for Anger Issues,HARD — authority-heavy SERP,7,1,True
anger management,4,en.wikipedia.org,strong,wiki,https://en.wikipedia.org/wiki/Anger_Management_(film),Anger Management (film),HARD — authority-heavy SERP,7,1,True
anger management,5,www.mayoclinic.org,strong,,https://www.mayoclinic.org/healthy-lifestyle/adult-health/in-depth/anger-management/art-20045434,Anger management: 10 tips to tame your temper,HARD — authority-heavy SERP,7,1,True
anger management,6,www.angerstress.com,mid,,https://www.angerstress.com/,The Anger and Stress Management Centre - www.angerstress ...,HARD — authority-heavy SERP,7,1,True
anger management,7,www.apa.org,strong,,https://www.apa.org/topics/anger/control,Control anger before it controls you,HARD — authority-heavy SERP,7,1,True
anger management,8,www.imdb.com,mid,,https://www.imdb.com/title/tt0305224/,Anger Management (2003),HARD — authority-heavy SERP,7,1,True
anger management,9,www.verywellmind.com,strong,,https://www.verywellmind.com/anger-management-strategies-4178870,11 Anger Management Strategies to Help You Calm Down,HARD — authority-heavy SERP,7,1,True
anger management,10,www.wits.ac.za,strong,,https://www.wits.ac.za/ccdu/personal-counselling-/mental-health-topics/anger-management/,Anger management,HARD — authority-heavy SERP,7,1,True
anger management,11,www.mind.org.uk,strong,,https://www.mind.org.uk/information-support/types-of-mental-health-problems/anger/managing-anger/,How to cope with anger in the moment | Self-care tips,HARD — authority-heavy SERP,7,1,True
how to stop overthinking,3,www.healthline.com,strong,,https://www.healthline.com/health/how-to-stop-overthinking,14 Ways to Stop Overthinking,HARD — authority-heavy SERP,7,1,True
how to stop overthinking,4,www.reddit.com,strong,UGC/forum,https://www.reddit.com/r/selfimprovement/comments/ytj3hm/it_took_me_9_years_to_beat_overthinking_ill_tell/,It took me 9 years to beat overthinking. I'll tell you how to in ...,HARD — authority-heavy SERP,7,1,True
how to stop overthinking,6,psyche.co,strong,,https://psyche.co/guides/how-to-stop-overthinking-with-help-from-metacognitive-strategies,How to stop overthinking with help from metacognitive ...,HARD — authority-heavy SERP,7,1,True
how to stop overthinking,7,www.calm.com,strong,,https://www.calm.com/blog/how-to-stop-overthinking,How to stop overthinking everything: 15 tips ...,HARD — authority-heavy SERP,7,1,True
how to stop overthinking,8,theconversation.com,strong,,https://theconversation.com/how-can-i-stop-overthinking-everything-a-clinical-psychologist-offers-solutions-223973,How can I stop overthinking everything? A clinical ...,HARD — authority-heavy SERP,7,1,True
how to stop overthinking,9,tpcfc.org,mid,,https://tpcfc.org/how-to-deal-with-overthinking-and-anxiety-10-ways-to-calm-your-mind/,How to Deal with Overthinking and Anxiety: 10 Ways to ...,HARD — authority-heavy SERP,7,1,True
how to stop overthinking,10,www.washingtonpost.com,strong,,https://www.washingtonpost.com/wellness/2026/03/04/how-to-stop-overthinking/,How to stop overthinking,HARD — authority-heavy SERP,7,1,True
how to stop overthinking,11,www.betterup.com,strong,,https://www.betterup.com/blog/how-to-stop-overthinking,How to calm your mind and stop overthinking: 15 tips,HARD — authority-heavy SERP,7,1,True
irritability,3,www.healthline.com,strong,,https://www.healthline.com/health/irritability,"Irritability: Causes, Symptoms, and Coping",HARD — authority-heavy SERP,7,1,True
irritability,4,www.healthdirect.gov.au,mid,,https://www.healthdirect.gov.au/irritability-and-feeling-on-edge,Irritability and feeling on edge,HARD — authority-heavy SERP,7,1,True
irritability,5,pmc.ncbi.nlm.nih.gov,strong,,https://pmc.ncbi.nlm.nih.gov/articles/PMC4927461/,The Status of Irritability in Psychiatry: A Conceptual and ... - PMC,HARD — authority-heavy SERP,7,1,True
irritability,7,en.wikipedia.org,strong,wiki,https://en.wikipedia.org/wiki/Irritability,Irritability,HARD — authority-heavy SERP,7,1,True
irritability,8,www.medicalnewstoday.com,strong,,https://www.medicalnewstoday.com/articles/325564,"What causes irritability? Symptoms, severity, and treatments",HARD — authority-heavy SERP,7,1,True
irritability,9,www.sciencedirect.com,strong,,https://www.sciencedirect.com/topics/medicine-and-dentistry/irritability,Irritability - an overview,HARD — authority-heavy SERP,7,1,True
irritability,10,health.clevelandclinic.org,strong,,https://health.clevelandclinic.org/irritability,Why You're Irritated and What To Do About It,HARD — authority-heavy SERP,7,1,True
irritability,11,pmc.ncbi.nlm.nih.gov,strong,,https://pmc.ncbi.nlm.nih.gov/articles/PMC4476313/,The developmental psychopathology of irritability - PMC,HARD — authority-heavy SERP,7,1,True
emotional regulation,2,www.psychologytoday.com,strong,,https://www.psychologytoday.com/za/basics/emotion-regulation,Emotion Regulation,HARD — authority-heavy SERP,6,0,True
emotional regulation,4,www.wits.ac.za,strong,,https://www.wits.ac.za/ccdu/personal-counselling-/mental-health-topics/emotion-regulation/,Emotion regulation,HARD — authority-heavy SERP,6,0,True
emotional regulation,5,my.clevelandclinic.org,strong,,https://my.clevelandclinic.org/health/symptoms/25065-emotional-dysregulation,"Emotional Dysregulation: What It Is, Causes & Treatment",HARD — authority-heavy SERP,6,0,True
emotional regulation,7,pmc.ncbi.nlm.nih.gov,strong,,https://pmc.ncbi.nlm.nih.gov/articles/PMC8848120/,The Importance of Emotional Regulation in Mental Health - PMC,HARD — authority-heavy SERP,6,0,True
emotional regulation,9,dbt.tools,mid,,https://dbt.tools/emotional_regulation/index.php,Emotional Regulation Skills - Dialectical Behavior Therapy ...,HARD — authority-heavy SERP,6,0,True
emotional regulation,10,www.health.harvard.edu,strong,,https://www.health.harvard.edu/mind-and-mood/self-regulation-for-adults-strategies-for-getting-a-handle-on-emotions-and-behavior,Self-regulation for adults: Strategies for getting a handle on ...,HARD — authority-heavy SERP,6,0,True
emotional regulation,11,theconversation.com,strong,,https://theconversation.com/what-is-emotional-regulation-a-child-psychologist-explains-280443,What is emotional regulation? A child psychologist explains,HARD — authority-heavy SERP,6,0,True
how to control anger,3,www.apa.org,strong,,https://www.apa.org/topics/anger/control,Control anger before it controls you,HARD — authority-heavy SERP,6,0,True
how to control anger,4,www.mayoclinic.org,strong,,https://www.mayoclinic.org/healthy-lifestyle/adult-health/in-depth/anger-management/art-20045434,Anger management: 10 tips to tame your temper,HARD — authority-heavy SERP,6,0,True
how to control anger,6,www.mind.org.uk,strong,,https://www.mind.org.uk/information-support/types-of-mental-health-problems/anger/managing-anger/,How to cope with anger in the moment | Self-care tips,HARD — authority-heavy SERP,6,0,True
how to control anger,7,www.helpguide.org,strong,,https://www.helpguide.org/relationships/communication/anger-management,Anger Management: Help for Anger Issues,HARD — authority-heavy SERP,6,0,True
how to control anger,8,www.nhsinform.scot,mid,,https://www.nhsinform.scot/healthy-living/mental-wellbeing/anger-management/how-to-control-your-anger/,How to control your anger,HARD — authority-heavy SERP,6,0,True
how to control anger,9,mpowerminds.com,mid,,https://mpowerminds.com/blog/ten-scientifically-proven-ways-to-control-anger-instantly,10 Scientifically Proven Ways to Control Anger Instantly,HARD — authority-heavy SERP,6,0,True
how to control anger,10,www.healthline.com,strong,,https://www.healthline.com/health/mental-health/how-to-control-anger,How to Control Anger: 25 Tips to Help You Stay Calm,HARD — authority-heavy SERP,6,0,True
how to control anger,11,www.verywellmind.com,strong,,https://www.verywellmind.com/anger-management-strategies-4178870,11 Anger Management Strategies to Help You Calm Down,HARD — authority-heavy SERP,6,0,True
how to manage stress,3,www.helpguide.org,strong,,https://www.helpguide.org/mental-health/stress/stress-management,Stress Management: Strategies to Deal with Stress,HARD — authority-heavy SERP,6,0,True
how to manage stress,4,www.nhs.uk,mid,,https://www.nhs.uk/mental-health/self-help/guides-tools-and-activities/tips-to-reduce-stress/,10 stress busters,HARD — authority-heavy SERP,6,0,True
how to manage stress,6,kidshealth.org,mid,,https://kidshealth.org/en/teens/stress-tips.html,10 Ways to Manage Everyday Stress (for Teens),HARD — authority-heavy SERP,6,0,True
how to manage stress,7,www.mayoclinic.org,strong,,https://www.mayoclinic.org/healthy-lifestyle/stress-management/in-depth/stress-relievers/art-20047257,Stress relievers: Tips to tame stress,HARD — authority-heavy SERP,6,0,True
how to manage stress,8,www.cdc.gov,strong,,https://www.cdc.gov/mental-health/living-with/index.html,Managing Stress | Mental Health,HARD — authority-heavy SERP,6,0,True
how to manage stress,9,www.colorado.edu,strong,,https://www.colorado.edu/law/25-quick-ways-reduce-stress,25 Quick Ways to Reduce Stress,HARD — authority-heavy SERP,6,0,True
how to manage stress,10,my.clevelandclinic.org,strong,,https://my.clevelandclinic.org/health/diseases/11874-stress,"Stress: What It Is, Symptoms, Management & Prevention",HARD — authority-heavy SERP,6,0,True
how to manage stress,11,www.apa.org,strong,,https://www.apa.org/topics/stress/tips,11 Healthy Ways to Handle Life's Stressors,HARD — authority-heavy SERP,6,0,True
overthinking,2,www.healthline.com,strong,,https://www.healthline.com/health/how-to-stop-overthinking,14 Ways to Stop Overthinking,HARD — authority-heavy SERP,6,0,True
overthinking,4,www.goodrx.com,mid,,https://www.goodrx.com/health-topic/mental-health/how-can-i-stop-overthinking-everything?srsltid=AfmBOoqucH7sOGyaRijPlNzjIgCWjhcavu4VhAHi2ZNa3n9nMfOaYlLd,"What Is Overthinking, and How Do I Stop Overthinking?",HARD — authority-heavy SERP,6,0,True
overthinking,6,www.betterup.com,strong,,https://www.betterup.com/blog/how-to-stop-overthinking,How to calm your mind and stop overthinking: 15 tips,HARD — authority-heavy SERP,6,0,True
overthinking,7,www.verywellmind.com,strong,,https://www.verywellmind.com/how-to-know-when-youre-overthinking-5077069,How to Stop Overthinking,HARD — authority-heavy SERP,6,0,True
overthinking,8,theconversation.com,strong,,https://theconversation.com/how-can-i-stop-overthinking-everything-a-clinical-psychologist-offers-solutions-223973,How can I stop overthinking everything? A clinical ...,HARD — authority-heavy SERP,6,0,True
overthinking,9,www.calm.com,strong,,https://www.calm.com/blog/how-to-stop-overthinking,How to stop overthinking everything: 15 tips ...,HARD — authority-heavy SERP,6,0,True
overthinking,11,pmc.ncbi.nlm.nih.gov,strong,,https://pmc.ncbi.nlm.nih.gov/articles/PMC4689615/,“Thinking too much”: A Systematic review of a common idiom ...,HARD — authority-heavy SERP,6,0,True
stress management,2,www.helpguide.org,strong,,https://www.helpguide.org/mental-health/stress/stress-management,Stress Management: Strategies to Deal with Stress,HARD — authority-heavy SERP,6,0,True
stress management,4,my.clevelandclinic.org,strong,,https://my.clevelandclinic.org/health/diseases/11874-stress,"Stress: What It Is, Symptoms, Management & Prevention",HARD — authority-heavy SERP,6,0,True
stress management,5,study.com,mid,,https://study.com/learn/lesson/stress-management-overview-benefits.html,"Stress Management Definition, Benefits & Skills - Lesson",HARD — authority-heavy SERP,6,0,True
stress management,6,www.cdc.gov,strong,,https://www.cdc.gov/mental-health/living-with/index.html,Managing Stress | Mental Health,HARD — authority-heavy SERP,6,0,True
stress management,7,www.webmd.com,strong,,https://www.webmd.com/balance/stress-management/stress-management,Stress Management: Techniques That Work,HARD — authority-heavy SERP,6,0,True
stress management,8,med.stanford.edu,strong,,https://med.stanford.edu/news/insights/2025/12/stress-management-coping-skills-and-tools.html,Stress management: Ways to cope with stressors large and ...,HARD — authority-heavy SERP,6,0,True
stress management,9,www.mayoclinichealthsystem.org,mid,,https://www.mayoclinichealthsystem.org/hometown-health/speaking-of-health/5-tips-to-manage-stress,Five tips to manage your stress,HARD — authority-heavy SERP,6,0,True
stress management,10,pmc.ncbi.nlm.nih.gov,strong,,https://pmc.ncbi.nlm.nih.gov/articles/PMC7349817/,How to Relax in Stressful Situations: A Smart Stress Reduction ...,HARD — authority-heavy SERP,6,0,True
stress management,11,www.nhs.uk,mid,,https://www.nhs.uk/mental-health/self-help/guides-tools-and-activities/tips-to-reduce-stress/,10 stress busters,HARD — authority-heavy SERP,6,0,True
workplace burnout,2,www.apa.org,strong,,https://www.apa.org/topics/healthy-workplaces/workplace-burnout,Employers need to focus on workplace burnout: Here's why,HARD — authority-heavy SERP,6,0,True
workplace burnout,4,www.ncbi.nlm.nih.gov,strong,,https://www.ncbi.nlm.nih.gov/books/NBK614516/,"Job Burnout: Consequences for Individuals, Organizations ...",HARD — authority-heavy SERP,6,0,True
workplace burnout,5,www.wgu.edu,strong,,https://www.wgu.edu/blog/workplace-burnout-causes-effects-solutions1906.html,"Workplace Burnout: Causes, Effects, and Solutions",HARD — authority-heavy SERP,6,0,True
workplace burnout,6,www.mayoclinic.org,strong,,https://www.mayoclinic.org/healthy-lifestyle/adult-health/in-depth/burnout/art-20046642,Job burnout: How to spot it and take action,HARD — authority-heavy SERP,6,0,True
workplace burnout,7,www.gallup.com,mid,,https://www.gallup.com/workplace/313160/preventing-and-dealing-with-employee-burnout.aspx,How to Prevent Employee Burnout,HARD — authority-heavy SERP,6,0,True
workplace burnout,8,www.ccohs.ca,mid,,https://www.ccohs.ca/oshanswers/psychosocial/mh/mentalhealth_jobburnout.html,CCOHS: Mental Health - Job Burnout,HARD — authority-heavy SERP,6,0,True
workplace burnout,9,www.nccu.edu,strong,,https://www.nccu.edu/employee-health-and-wellness/workplace-burnout,Workplace Burnout,HARD — authority-heavy SERP,6,0,True
workplace burnout,10,www.beyondblue.org.au,mid,,https://www.beyondblue.org.au/mental-health/work/burnout,"Burnout Symptoms, Signs and Self-Test",HARD — authority-heavy SERP,6,0,True
workplace burnout,11,en.wikipedia.org,strong,wiki,https://en.wikipedia.org/wiki/Occupational_burnout,Occupational burnout,HARD — authority-heavy SERP,6,0,True
